餐廳名稱,Google Map地址,評分,評論1,評論2,評論3,評論4,評論5,Google Map網址
Luguo Cafe / Z Space,"112台灣台北市北投区学园路1號北藝大校園內-關渡美術館2樓 1號 二樓, 關渡美術館",4.6,[Annie Wu | 2025-12-13T04:59:51.887376568Z | 4分]: 有點小隱密可以直接導美術館後上樓梯就可以到達 很安靜餐點都有給學生的優惠 這邊是現金付款 三明治餐點很好吃覺得可以再訪 酸種麵包老闆娘蠻推當天沒試 他的咖啡還行 整體算是蠻舒服的店 廁所也很乾淨很大 四周都有販售一些小物衣服可以看看 可以詢問是否寵物友善（那天有看到一隻狗狗在裡面 低消一瓶飲料,[直心道場 | 2025-09-08T06:25:58.604308890Z | 5分]: 「Luguo Cafe / Z Space」藏身在北藝大校園內-關渡美術館二樓，即使谷歌的指引，也需要特別留意相關位置才能找到，外面有著寬闊的視野，一眼穿越關渡平原，更眺望北投焚化爐及台北101，瞬間回神發現這裡增添一份寧謐，遠離塵囂的感覺，是多麼悠閒自得！室內座位舒適，搭配木質的桌子，讓人覺得很有質感，或許緊鄰美術館的氛圍，總是有些許的藝術文青氣息。我們點有手沖咖啡、拿鐵、飲品，還點了幾樣點心「南瓜杏鮑菇鹹派」、「雙重起司鹹派」、「提拉米蘇」、「蘭姆酒葡萄巴斯克乳酪蛋糕」。第一次嚐鮮，除香醇濃郁咖啡好喝，飲品也不錯，鮮香味美適口，鹹派濃郁的香氣更迷人，軟酥的外皮很爽口，也發現這裡真的是一處品嚐咖啡的好地方。,[Lin央央 | 2025-08-18T00:11:08.657829547Z | 4分]: 嗨大家好，我是喜歡探索城市角落的美食與景點愛好者！不論是巷弄裡的隱藏版咖啡廳，還是老店傳承的小吃，我都熱衷記錄並分享最真實的體驗。透過我的Google在地嚮導帳號，你可以找到許多實用又有溫度的在地推薦。不只吃喝玩樂，還包含環境氛圍與服務細節，就是希望幫助你做出更好的選擇。如果你也喜歡用雙腳發現世界的美好，歡迎追蹤我的Google在地嚮導，讓我們一起挖掘更多生活裡的小驚喜！🌟 #Google在地嚮導 #美食推薦 #生活地圖 #咖啡廳推薦 #住宿體驗  週末小探店分享 📍北投 Luguo Cafe / Z Space 這間隱身在巷弄裡的咖啡館，氛圍寧靜舒服，很適合一個人帶著書或筆電來待著。點了一杯美式咖啡，入口清爽順滑，帶點果酸的尾韻讓人精神馬上被喚醒。搭配的甜點選了萊姆酒葡萄巴斯克乳酪蛋糕，綿密的乳酪口感中帶著淡淡酒香與葡萄的甜潤，層次感非常迷人，不會過甜卻又充滿大人系的微醺氛圍。咖啡的苦香與蛋糕的酒香交織在一起，完全是絕配！🍰☕️  如果你喜歡安靜又帶點文藝氛圍的空間，Luguo Cafe / Z Space 絕對值得收藏，無論是來工作、閱讀，還是單純想好好享受一份甜點與咖啡的午後時光，都能在這裡找到屬於自己的節奏。✨  #北投咖啡廳 #LuguoCafe #巴斯克乳酪 #咖啡控必收,[Greeny Kuo | 2025-08-18T14:33:54.818311169Z | 5分]: 藏身於北藝大校園內，整體環境充滿藝術氣息，但位置有點隱密，暑假的週日去很悠哉，校園內很多停車位。  散步、遛狗、看風景和拍照完，可以在很涼的咖啡廳坐著休息吃東西，店內空間非常舒服，寵物友善毛孩牽繩即可入內，還有肉乾可以試吃，對於有毛家庭十分友善。  冰滴咖啡和冰拿鐵：咖啡的香氣跟口感都很好，兩種咖啡香氣不一樣，但都適合慢慢品嚐。  德式香腸馬鈴薯鹹派：份量不大但很美味，派皮是千層口感，好吃！  辣牛肉貝果：剛上桌的貝果很燙，記得放涼一點再拿起來吃，起司很香內餡和配料很多，吃起來會辣但味道搭配得很剛好，牛肉的份量也夠，這個好吃！  提拉米蘇：大人版的甜點，湯匙切下去的剎那，白蘭地酒液從飽滿的手指餅乾中流下，這畫面太療癒，酒精中和了甜點的甜膩感，大白天一口吃下去什麼煩惱都沒了。  杏桃蘋果磅蛋糕：溫熱的口感的甜點很特別，磅蛋糕本體沒有太多甜味但很香，搭配杏桃跟蘋果一起吃很剛好，是表現優秀不含肉桂的蘋果甜點，加熱的蛋糕淋上蜂蜜吃起來令人愉悅，但在減糖年代如果蜂蜜能分開放在旁邊就更好了，推薦給螞蟻人。  飲料餐點表現都很好，下次去還想嘗試不一樣的餐點。台派店家必須用新台幣下架，會再帶很多人回訪。,[Frank H. | 2025-03-27T11:31:26.970309Z | 5分]: 2025.03 在忙碌的生活中，偶爾也需要一個能讓人放鬆身心的小天地。這次造訪的 Luguo Cafe，就給了我這樣一個美好的體驗。雖然只是短暫的停留，但一杯令人滿意的冰拿鐵，以及一杯風味獨特的冰美式，都為這個午後增添了不少色彩。 首先要稱讚的是他們的冰拿鐵，真的是非常好喝！濃郁的咖啡香氣與冰涼的牛奶完美融合，比例恰到好處，入口滑順，炎熱的天氣來上一杯，頓時暑氣全消。 而他們的冰美式 也令人印象深刻。與一般的美式咖啡不同，這裡的咖啡帶有一絲明亮的酸味，這種風味並非苦澀，而是讓咖啡的層次更加豐富，喝起來清爽順口，對於喜歡帶有果酸調性咖啡的朋友來說，應該會非常喜歡。 除了美味的咖啡，Luguo Cafe 的環境也相當吸引人。外面的院子提供了一個可以遠眺北投風景的絕佳位置。想像一下，微風輕拂，手裡捧著一杯冰涼的咖啡，眼前是開闊的景色，所有的煩惱似乎都煙消雲散了。 室內空間則呈現出簡潔舒適的風格，沒有過多的裝飾，以簡單的線條和柔和的色調營造出一個讓人感到放鬆的氛圍。無論是想一個人靜靜地享受咖啡，或是與朋友輕聲交談，這裡都是一個很適合的空間。 總而言之，Luguo Cafe 是一間會讓人想再次造訪的咖啡廳。如果你也喜歡簡約舒適的環境，以及一杯能帶來美好心情的好咖啡，不妨找個時間來這裡坐坐，享受片刻的寧靜與美好。,https://www.google.com/maps/search/?api=1&query_place_id=ChIJ1-Osh6CvQjQRE5DbEVM_GGk
咖啡實驗室,100台灣臺北市中正區忠孝東路二段64巷6號,4.5,[Jinxie An | 2025-12-22T08:29:11.005432523Z | 5分]: 兩隻貓咪超可愛～ 前幾日第一次到訪，甜點選擇紅烏龍巴斯克跟檸檬起司蛋糕，兩個都很好吃，巴斯克不會太甜，檸檬起司蛋糕很清爽，咖啡都很香，味道煮得相當好，服務人員也很親切，環境非常安靜。 唯一可惜的是每日甜點不一定，沒能吃到提拉米蘇嗚嗚！ 要特別注意小黑貓會想跑出去，我站在門口差點進不去哈哈,[Hsu Shao-Yuan | 2026-02-01T13:05:39.580368637Z | 4分]: 人均：$200多  🔸檸檬磅蛋糕： 蛋糕體有些乾，粉粉的沒那麼愛 倒是檸檬糖霜很不錯 酸甜平衡掌握的蠻好  🔸拿鐵： 微苦，喝的到香氣，不錯喝,[A “不想思考的貓皮” | 2025-11-28T11:42:08.167222567Z | 5分]: 少見的要脫鞋的咖啡廳，冬天很溫暖的秘密基地的感覺～ 一整櫃的人文類書籍、水彩畫、咖啡、貓貓、溫和的材質與淺色木頭的桌椅，像是去哪個有品味的朋友家裡面坐坐🥰  唯一一點遺憾的是貓貓不喜歡我所以沒有摸到貓貓🥹,"[ML | 2026-02-09T02:26:08.429332528Z | 5分]: 空間不大，但整體很舒服。 咖啡品質很好，風味乾淨透亮。 布丁很好吃😋 店裡有貓咪 The space is small but very cozy. The coffee quality is great, with a clean and bright flavor. The pudding is delicious 😋 There are cats in the store",[Sylvia Huang | 2025-11-23T06:59:40.016097913Z | 4分]: 中焙手沖仍有淺焙的輕爽口感。 蛋糕很紮實，感覺用料天然！ 店內播放輕爵士，讓人不自覺氣質起來~（怕會破壞店裡的氣氛，所以急忙把手機開靜音） 貓咪有帥到我 🥰,https://www.google.com/maps/search/?api=1&query_place_id=ChIJ13WfAXupQjQRPSGT92Z0z88
Atlas Brunch & Pasta 亞斯義大利麵,114台灣臺北市內湖區民權東路六段296巷56號,4.5,[雯婷 | 2026-02-17T14:12:36.460395335Z | 3分]: 價格不高，口味普通，店內提供奶油蘑菇濃湯喝到飽，蘑菇料蠻多的，調味適中，不會太過鹹甜或太奶。用餐時覺得店內油煙味有點重，但吃完之後出餐廳，衣服倒是不太臭。  雞肉義大利麵的雞肉非常小塊，份量不多，紅醬的口味濃郁偏甜、不太酸，麵還算Q。  墨魚麵的麵條就太軟了些，但海鮮料的份量比較多，有新鮮、煮的剛剛好熟（但對我來說透抽跟淡菜都生了一點，而且透抽很難咬）。  生菜沙拉好吃，菜新鮮、油醋醬酸甜夠味，配上脆脆甜甜的玉米片，又增添了一些口感。  鱈魚條沒什麼特別的，但附的沾醬是凱薩醬而不是塔塔醬。乳酪布丁中間有分層，底部有一層蛋皮感，口感介在布丁跟布雷之間，還OK。,[折霜 | 2025-10-11T02:33:54.845942111Z | 5分]: 牛小排松露燉飯很超值，燉飯好吃，牛小排的肉也非常軟嫩且入味，只是要等比較久，大推。  青醬義大利麵也好吃，醬汁很夠味！  雪花牛義大利麵比較不推，是一整塊牛排放在義大利麵上，跟麵有點不搭，就是豪氣，另外醬汁太番茄味，個人不喜歡  無限取用的濃湯裡面料很多，也很推。  總之是會想再訪的店！,[喬喬 | 2025-08-28T04:37:33.714494784Z | 5分]: 這家是寵物友善餐廳🍴 用心及貼心的店家！ 本來我們兩人位 ，看我們東西多說要不然幫你們換到4人座位。 主餐鴨腿番茄扁麵義大利麵 ，肉直嫩，推一個好吃👍 濃湯不馬虎料多實在。水和濃湯採自助式還可以免費續碗 真是佛心啊～～ 店狗也很可愛也很乖， 會再訪的☺️,[Howard | 2025-11-14T13:16:58.866248471Z | 5分]: 晚上八點多 看著店裡還有6成滿的客人 決定來吃吃看  上來先去舀他的湯來喝 第一口覺得 哇 這是免費能喝的嗎 濃湯有很足的蛤蜊香 蛤蜊也都有肉有吐沙 勾芡得剛剛好 可以知道這裡的料理應該沒在馬虎  上菜速度一般吧好像稍慢 那我感覺人很多的時候可能會需要等一下  點的是油封鴨腿番茄義大利麵 （名字差不多啦 鴨腿烤的恰到好處 沒什麼好挑剔的我吃的很開心 份量也很足 麵的味道也不錯 但我覺得好像香氣少了一點 我猜主廚想做得健康一點的吧 應該是油放少了 或許加其他調味料可以補足？我加了一把起司粉還是差一點  整體環境衛生口味CP值等等⋯滿分5分都可以給4分以上  五星 下次還會再來試試他家別的料理,[飯糰 | 2025-12-26T11:21:37.324660353Z | 5分]: 已回訪多次 個人認為是這附近最好吃的義大利麵 點過各種品項幾乎都沒有雷的 最推薦肉類的料理 店裡有一隻牧羊犬很親人很可愛 飲料與甜點也都不錯 加套餐很划算,https://www.google.com/maps/search/?api=1&query_place_id=ChIJ39G4keGtQjQRd5mdfKmFUlA
森優咖啡 Tribu Cafe,110台灣臺北市信義區崇德街74號,4.7,[毛斤 | 2026-02-05T12:16:23.560001669Z | 1分]: 其實鬆餅本人是很香也很好吃的～ 但…..我第一次在小小的鬆餅裡面吃到這麼多蛋殼，真的是不誇張的多耶！到底是蜂蜜原味鬆餅還是蛋殼蜂蜜鬆餅啊！！！太誇張了吧！ 增加口感也不是這樣吧！前幾口吃到我還能忍忍吞下去…結果好幾口都有蛋殼😞 甚至有一口是咬下後能完整從糕體裡徒手挑出蛋殼，以為在挑魚刺…. 這個品管也太粗糙？這麼多蛋殼都不挑起來再攪拌麵糊嗎？蛋殼上的細菌也被我吃進去了吧😟 更誇張的是與老闆反應後卻得到雲淡風輕的回應，連最基礎的道歉也沒有…………吃到心情超級差 這盤鬆餅真的不是在整我嗎？ 住在附近二十幾年第一次走進去就離譜的要死！,[Ann | 2026-01-11T05:22:07.992307559Z | 1分]: 蛋糕是冷凍久放的，這輩子沒吃過這麼硬的蛋糕，切都切不下去，還帶有碎冰，想說這咖啡廳有4.7顆星就光顧一下，結果踩雷，可能又是洗評價的一家店，毀了我想吃甜食的心情 PS. 店員臉很臭,[Debbie | 2024-04-09T17:39:37.164353Z | 5分]: ☕ 森優咖啡 🧇  餐點很平價親民，提供的咖啡跟餐點很多樣的一家社區型小店，感覺假日一定不少人！離捷運站大概 10-15 分鐘距離，整體是我很喜歡的木質裝潢，氣氛很溫馨安靜，座位大多有插座，很適合久坐工作。  卡布搭蜂蜜鬆餅有下午茶套餐價 $190，鬆餅跟火腿鹹派 $120都偏濕潤，但個人喜歡脆脆的口感~~~餅皮跟鹹派塔底倒是都不錯，沒有麵粉味，奶油也不死甜👍🏻  ✅ 營業到晚上 9：00 ✅ 支援街口、LINEPAY 、金融卡蠻多種 ✅ 近文湖線捷運六張犁站,[邱小惠 | 2026-02-05T23:04:37.430634270Z | 5分]: 常常在店內可以欣賞不同畫家的作品，真的讓人舒心。店內服務親切貼心。咖啡好喝，甜點也不錯。,[桑妮Sunny任克晴 | 2024-07-03T15:23:06.698836Z | 5分]: 空間很大舒服乾淨整潔 一整個下午看書彈琴很讚呢😍💕 美食也很讚價格超美❤️會再來呢～,https://www.google.com/maps/search/?api=1&query_place_id=ChIJ4QL3EsjWDRQRAj_JjQvT6GM
BACKMOUNT.後山咖啡/平日不限時咖啡廳/後山埤美食/下午茶外送/寵物友善/親子友善/南港公園餐廳,115台灣臺北市南港區福德街373巷23號,4.3,[張紘賓 | 2025-12-01T13:03:11.021963095Z | 5分]: 坐窗邊的三個小圓桌要小心，我今天站起來因為不小心踩到圓桌底座，但底座不穩，當下桌子大歪，我也反應很快去扶桌子和接住咖啡玻璃杯，否則可能碎碎平安，就這樣一杯黑咖啡翻倒桌面和地上，也噴的手機和電子書都是，很狼狽，但瞬間飄滿咖啡香。  男店員立即拿紙巾給我擦拭身體和重要物品，反應很快很好，也立即拿拖把和抹布來清潔。雖然是我的不小心，但我覺得桌子不穩這件事情可能以後會發生在別的客人身上，會是個不好的體驗，建議店家改善可能更好。咖啡還沒喝就剩3/2，當下感覺沒很好，但或許就是要我不要喝那麼多。  今天點個酪梨大早餐+長黑，餐點都還不錯，女生應該會覺得份量剛剛好，我其實是已經有吃過早餐的，但身為男生可能會稍嫌不夠，下次可以試試其他早餐。早上沒人很安靜，開始人多時，餐廳的音樂音量也變得有點大，還是可以交談。  低消是至少一杯飲料喔！要注意餐點不能抵低消喔！平日不限時，也有插座和Wifi。  點餐在座位上掃Qrcode點餐送出後，櫃檯付款方式三種，現金/轉帳/linepay。,[KING (第10級在地嚮導) | 2025-10-28T07:57:49.038812107Z | 4分]: 讓人驚奇的咖啡屋，也是一間高雅的早午餐廳，座設在南港花園社區裡，緊鄰著南港公園的頂部，在社區群樓層間的一樓，門前像公園一樣有一排樹林，這種靜謐的幽雅環境，讓咖啡屋充滿了浪漫！ 為看南港公園的週圍環境，在google maps地圖上，東𨍭西晃，看到了這家獨立遺世的咖啡屋，週邊幾乎沒有其他餐廳，坐著257公車花了30分鐘在「花園社區2」下車，幾乎走10步就看到這間白格大窗的咖啡屋，內裡挑高空間開闊，，而且還看到一套很大的名牌音響，清柔播放著清晰音樂，真的很享受的情境。 這家咖啡廳是以咖啡爲主，也有早午餐，點了起司歐姆蛋=300元+德國香腸= 40元+黑咖啡=120元+++=460元。咖啡不用說是「主場」也，歐姆蛋算正宗，蠻好吃的。 不過來此要先弄清出去的路線及交通工具，因這裡已算郊區，沒想到的是坐257公車來，卻要穿過整個南港公園，去「南港ㄧ站」搭回去的班車，走路約10分鐘左右，ㄧ路瀏覽著綠草如茵的南港公園，也是另一個收獲。,[吳秉軒（Kevin） | 2026-02-04T03:12:17.590205973Z | 5分]: 三明治非常好吃！！！ 吐司烤的恰到好處 雞翅就別點了蠻雷哈 咖啡也不錯 用餐環境陽光灑進來很漂亮 用了不錯的JBL音響 現在沒有肉桂捲了,[Wu Ker Shing | 2026-01-31T07:12:27.463534857Z | 5分]: 早午餐配料豐富，鮭魚、雞腿排、香腸、生菜蠻好吃，麵包類的吐司、鬆餅比較弱，尤其酪梨會有出水問題讓吐司濕軟，建議新增法棍切片或全麥，黑咖啡很好喝，環境視野很棒，如果在台北市偏東側+有開車，這間會是我首選,[蔡政華 | 2025-12-20T11:23:46.752546961Z | 5分]: 十分熱門的咖啡店，親子友善。 餐點好吃😋，咖啡好喝，老闆娘十分親切。 附近路邊有停車格。,https://www.google.com/maps/search/?api=1&query_place_id=ChIJ6ZLHHYmrQjQRKeVAlEcW3Jk
咖啡俱樂部 COFFEE CLUB,100台灣臺北市中正區忠孝西路一段122號,4.6,[史提胖 | 2026-01-30T14:56:52.744606180Z | 5分]: 找到幾年前的照片，可惜北門最近在整修，不然景觀更美。咖啡很香、甜點美味、服務親切，嫩蛋起司帕里尼是我的最愛！,[Julio | 2025-09-29T12:00:16.801842617Z | 5分]: 自從北門改善之後，這裡變得寧靜許多，再也聽不到喧鬧的車水馬龍的聲音，彷彿置身於另一個結界，給人一種鬧中取靜的感覺，坐在北門前，第一排座位，啜飲一杯手沖香濃的咖啡，看著車來人往，就像在閱讀一本故事書，道盡北門興盛繁榮與塵埃落定！,[Frieda | 2025-06-29T14:09:52.811206254Z | 4分]: 單看店面以為很大一間 實際上小小的 比較適合小歇一下 不是給你坐著聊八卦的哈哈哈 比較驚艷的是 很少看到有茶味的巴斯克～ 珍珠伯爵巴斯克很推！😍喜歡 飲料配點心可以折50元 有優惠讚讚！  收現金,[Chen Sakana | 2025-01-29T02:40:04.857372Z | 5分]: 大年初一的早餐！有蛇財有得！蛇來蛇去，蛇🐍去喝杯咖啡，咖啡店的老板英文很好哦，店裡幾乎都是外國人，來電訂咖啡也都講英文啦！,[林岑鍀 | 2025-08-03T02:02:28.618385206Z | 5分]: 早上突然想喝西西里咖啡，於是路過買了一杯外帶。雖然價位偏高，但真的很好喝！！是在台北少數能喝到好喝的西西里咖啡,https://www.google.com/maps/search/?api=1&query_place_id=ChIJ7-iV4NmpQjQR0aadctCL7hk
HSQ COFFEE,114台灣臺北市內湖區民權東路六段121之1號,4.4,"[MMC | 2025-12-22T16:07:29.461338883Z | 4分]: 烤過的酸種麵包好吃, 酪梨芝麻葉搭起來味道很合, 生火腿比較一般, 偏軟口感不太好。很推薦這裡的咖啡, 美式喝起來很圓潤順口。有做料理時店內油煙味很重。",[Chia rui | 2025-10-25T02:24:25.143221933Z | 5分]: 歐買尬叫外送好好吃喔，酪梨配鮪魚也太搭，再加上一片起士跟酸種麵包一口咬下…超讚！！（圖片小黃瓜我自己加的 拿鐵少冰也滿滿的，還會想再叫💓,[Kelly’s Runway | 2025-10-29T07:06:42.316275798Z | 5分]: 精緻可愛的咖啡館 綻藍搭配金色的招牌和空間設計 雖然只是一個咖啡廳卻很有高級感 座位不多卻很舒服自在 餐點簡單卻不馬虎 和朋友意外發現的好地方～很喜歡,[Natalie Lin | 2025-10-04T02:10:29.903643147Z | 1分]: 看到一個月前有人做評論，外送的三明治用了兩個麵包屁股包。結果我今天點外送，三明治是用四片麵包屁股包起來的。外送付的錢比較少嗎？三明治用兩個麵包屁股，我還勉強可以接受。用四片麵包包屁股包三明治是不是太過分了。所以這家咖啡廳的外送策略是這樣欺負外送的客人不會反應嗎？ （之前我吃過好幾次自己去外帶的都是正常的切片麵包，今天叫外送，結果這樣真的讓人太失望了）,[paggyko | 2026-01-05T01:29:27.135491134Z | 5分]: 酪梨牛肉三明治好好吃 麵包是酸種 芝麻葉很多但不太苦 必須好評支持用心做餐點的店家,https://www.google.com/maps/search/?api=1&query_place_id=ChIJ8e4b2r2tQjQRR3LLK-OpD_4
安好食 和平店,106台灣臺北市大安區辛亥路二段201號1樓,4.4,[林昕諭 | 2025-09-10T05:51:26.405785083Z | 1分]: 豆漿紅茶喝了一口，發現喝起來泥狀還臭酸，打開來看整個變豆花狀，喝到臭酸整個很影響心情，小肉豆上面也黏了頭髮，整個衛生餐飲品質堪憂，打電話過去也感受不到歉意，只說下次補償飲料券,[李怡霈 | 2025-10-15T02:18:08.249126058Z | 1分]: 太黑了吧 看到評論很多人說會焦掉 還是沒改善嗎 我自己煎蛋餅這麼黑也直接丟掉 店家端出這麼焦的食物可以嗎  但蛋餅皮是好吃的 等有改善再回來改評價,[Elber Wang | 2025-11-09T00:51:37.932277979Z | 2分]: 11/09 08:31-08:50之間發生的事 希望店員不要拿客人的薯餅來搓手..取暖？ 剛剛等餐點好的時候 看到櫃檯的男店員雙手拿著一塊薯餅來回搓 （就像影片這樣） 想說該不會是我點的薯餅吧 然後就看到這份薯餅出現在我的袋子內了.. 😱,[See'N image 看見影像希恩 | 2025-07-31T02:14:40.403486290Z | 2分]: 今天買了三個蛋餅 原味/鮪魚/打拋豬 蛋餅皮很硬很乾 也沒切好導致料都掉出來 只能分開吃皮跟料 小孩根本無法好好吃….,[FangHua Chan | 2024-12-01T03:59:30.911431Z | 4分]: 位於台大辛亥路側門的早餐店，座位不少，無紙本菜單採用座位掃描點餐，有多元支付，也有提供WiFi 。  餐點部份味道較清淡(秘製豬排吐司蛋不加醬)、厚切豬排蛋餅好吃但是份量太少、和風醬燒牛吐司蛋是的牛肉是肉片，調味不錯，但是食用時肉片會一直逃離吐司，很難優雅的食用。  飲料點的是小時候紅茶、無糖四季春和厚奶茶，紅茶奶茶無法調整甜度，味道中規中矩。飲料應該是為了快速提供都預先裝好外帶杯並封膜了，自備環保杯也只是將封膜打開倒入自備杯中，冰的飲料溫度只能算涼。  用餐環境整體來說算不錯，但是一進到店裡就發現店裡的冷氣空調卡滿灰塵，請店家注意濾網清潔，為了顧客健康更為了貴店的荷包，定期清潔濾網可以提高冷氣效率降低耗電量的。  另外，使用的餐具有破損的狀況，容易藏污納垢也容易讓使用者受傷，請適時汰換。,https://www.google.com/maps/search/?api=1&query_place_id=ChIJA7xCuqirQjQRGwBOltepJQk
找諶 Chen’s Brunch,115台灣臺北市南港區昆陽街58號,4.4,[Selina Wei | 2026-02-02T03:20:44.687976559Z | 4分]: 簡單乾淨的店面、燻雞蛋餅是粉漿蛋餅，皮Q不爛，內餡充足，吃起來滿足度很高。雞塊也炸的很酥、不會太油。還有一家店中店專賣咖啡。 可現金/Linepay,[Anita Chang | 2025-10-24T03:02:23.239625318Z | 4分]: 今天的早餐日常💛 手打豬總匯三明治（110元）蔬菜量超多，豬排醃得剛剛好～香氣滿滿不死鹹，只是咬的時候有點小筋，有點跟牙齒拉扯😆 手打豬蛋餅加蛋（80元）是粉漿派，軟嫩滑口，但我私心還是愛酥酥脆脆的那種❤️ 火烤雞腿漢堡（90元）表現中規中矩，蛋要另外加15元～ 整體來說份量實在、價格偏小貴但吃得飽飽的，適合想簡單飽餐一頓的早晨✨,[Wanting Chuang | 2026-02-10T03:46:43.865011838Z | 1分]: 從外送平台點了奶油吐司居然塗成這個樣子…根本就沒有認真塗。鐵板麵也超乾，醬汁超少，豬排肉腥味重，傻眼的一餐。,[Gini Chen | 2025-11-08T00:44:34.348179635Z | 5分]: 1.蛋餅是粉漿Q彈好吃 2.豬排蛋（全麥）吐司 好多生菜好吃無負擔 3.紅茶普通但屬順口,[張吉楸 | 2024-10-19T07:20:57.685715Z | 5分]: 這次來到南港的一間不錯的早餐店找諶 Chen’s Brunch，我點了他們家的粉漿蛋餅和薏仁漿。這裡的粉漿蛋餅皮厚實柔軟，帶點Q彈的口感，吃起來和一般蛋餅不太一樣，更像是介於傳統粉漿和一般蛋餅之間的獨特版本。薏仁漿裡頭還有整粒的小薏仁（也就是大麥仁），喝起來不但香滑，還帶有一點淡淡的穀物清香，非常順口。  店裡的設計也很有特色，後方連著一間咖啡廳，我看到不少客人都點了咖啡，特別是那杯拉花精緻的拿鐵，看起來很吸引人。這次因為已經點了飲料，所以沒機會嘗試他們的咖啡，下次一定要來試試看。  這家店的選擇不僅僅是傳統早餐，它給人的感覺像是提供更多元的美食體驗。如果你經過南港，真的可以來試試看。,https://www.google.com/maps/search/?api=1&query_place_id=ChIJA9vu3HqrQjQRWhhwjOBFkcA
大樹先生的家,106台灣臺北市大安區潮州街38號,4.2,[YiChun | 2026-01-07T11:40:58.820674839Z | 3分]: 有點小差勁…（附上菜單） 6歲以下小朋友每位另收$150清潔費，室內的小朋友遊樂空間6歲～18歲不能進去，雖然有明文規定，但如果有小朋友真的要進去玩，店家會是狀況而定～進去前還有專員幫忙消毒！  另外還有室外蠻大的空間，沙坑、學步腳踏車都可以使用～  用餐區域蠻寬大的，不會擁擠動線還可以，另外還有類似包廂的地方！  但是！餐點真的有點差… 不好吃先放在一邊，食物（炒東西類的）還是冰的，沒錯就是冰的！感覺就是微波食品微波時間太短…說要重新製作一份，結果在上一份味增湯是冷的… 然後餐點製作時間偏久！ 價格也蠻貴的，如果說是因為一部分成本是小朋友的遊戲維護，我可以接受，但這個部分已經額外收費了，所以餐點價格我覺得不太合理！,"[歐米茄 | 2026-01-05T14:02:18.675005198Z | 5分]: 很重要⚠️一定要訂位❗️ 即便平日是下大雨天☔️ 店家依然是客滿的狀態歐!!!  桌位不多,位子很寬敞 環境乾淨整潔,蠻舒適的 遊戲區真的很大,選擇也多 如過天氣好,店外也是能玩的 最棒的是：消毒及注意安全 遊戲區門口有人員在維護。  餐點口味還不錯 份量給的也很足夠 小孩可不點餐，能與大人共食。",[NiNi Lin | 2026-02-06T02:00:57.782072528Z | 5分]: 舉辦各種親子活動的好地方～提供的食物很好吃，食材也很新鮮，生菜沙拉裡面還有切片的鮑魚，很用心準備的料理。現場還有陪玩的主持人大哥哥，帶著小朋友玩各種吹泡泡還有大地遊戲，室內還有小朋友的遊戲間，有很多烹飪小廚房跟積木，室外還有兒童玩的小車，空間都規劃的很好。,[林菌宏 | 2026-01-07T06:17:28.131256247Z | 4分]: 餐點上份量很足夠，配色配菜也很豐富 但口味上一般般就求個吃飽😆 兒童餐的車車造型小朋友很喜歡（麵包、蛋、炸南瓜、主食）  餐廳環境簡單乾淨，有哺乳室、兒童洗手台 再來就是小朋友最愛的遊樂區 不得不說以親子餐廳來講～這遊樂區很豐富 沙池、球池、溜滑梯、戶外車車、小樹屋、各種家家酒、積木區  進場也有服務人員把關消毒，整體來說挺放心的👍,[Doris | 2025-12-07T10:06:07.946943969Z | 5分]: 義大利麵好吃～戶外有沙池、騎車車～ 室內有球池、各式廚房玩具跟軌道車車可以玩 小孩一個人低消250～不論有沒有點餐 今天來二場，早場9-11點來參加10點的昆蟲體驗～小孩非常喜歡❤️,https://www.google.com/maps/search/?api=1&query_place_id=ChIJaSZ-CpupQjQRaqvVbaJ4FaM
Q Burger 中山農安店(直營),104台灣臺北市中山區農安街170號,4.1,[Peter Hsu | 2026-02-07T02:18:57.912282454Z | 1分]: 火腿蛋餅 是整罐胡椒鹽掉下去了嗎？ 香雞漢堡 裡面咬出蛋殼 蛋餅是我一生中覺得最難吃的 這品管 真的不行,[莎賓娜 | 2025-09-09T23:41:10.035080957Z | 1分]: 太有才了，有封口的飲料沒放在杯架外，掀蓋的咖啡杯放在杯架外，到公司後整個就是撒的剩半杯…溢的袋子都是😩😩,[李咏宸 | 2025-10-24T02:08:04.337892207Z | 1分]: 這巧克力吐司也太離譜了吧？一口咬下去卻是芥末味，整個早上瞬間毀掉。拜託，下次出品前能不能先自己吃一口？ 更新：吃一口後半個小時開始肚子痛，早餐店之恥當之無愧,[Ki Ki Chen | 2025-08-28T11:31:50.488233973Z | 1分]: 昨天早上內用點了抓餅蛋等了很久才送來，一看到餐點我傻住，整盤焦黃，看不出來有蛋，翻看了一下才看到些微黃黃的蛋黃，整個抓餅蛋被煎到像餅乾一樣乾硬難吞嚥，我因為趕上班所以快速吃一吃就走了，沒有特別反應店家。 今早心想昨天可能是不小心的，再給他一次機會，上班前又前往內用點了鮪魚蛋吐司及外帶黑松露焗烤厚片，今天鮪魚蛋吐司蠻快就送上桌，餐點正常，想說今天應該沒問題了，吃完吐司我的外帶還沒好，走去櫃檯問，店員說快好了，我又等了一下，看到店員拿東西在刮我的厚片，我心想不妙，該不會烤到忘記焦掉了吧？拿到餐點後趕上班去，到公司打開來看我又傻眼了，是有沒有這麼倒霉，連兩天都碰到有問題的餐點，本來還蠻喜歡來這吃早餐的，整個不太想再光顧了，真的太傷心了…..希望店員們能注意並修正這個問題。,[fanfan | 2025-08-22T05:12:20.270068915Z | 5分]: 午餐至農安街 買了Q堡簡易套餐。 奶酥全麥。蔥薯。無糖茶。 無論速度。服務。餐點都非常棒。尤其奶酥全麥是我早餐店心中第一名。奶酥不油不過甜。吐司鬆軟適中。 紅茶不苦不澀。解膩佐餐最佳。推推推！,https://www.google.com/maps/search/?api=1&query_place_id=ChIJB3tqu_WpQjQR4k8D1g1BPUI
子木咖啡,105台灣臺北市松山區延壽街412號,4.5,[藍莓 | 2025-11-23T08:14:09.601305842Z | 2分]: 感謝老闆願意提供親子空間，遊戲區讓孩子可以放電一下，老闆娘也親切有禮。願意做親子餐廳真的不多，這點值得肯定。 但很可惜，整體用餐體驗仍有不少需要改善的地方：  1. 服務流程混亂，影響用餐體驗** 男店員過於囉嗦，而且記憶力不太好。明明已經點過餐，卻一直反覆確認，麵和飯也一直搞混。如果能直接寫下來，應該會更清楚也不會讓客人覺得困擾。  2. 青醬雞腿麵的雞腿品質非常不OK** 麵還算可以，但雞腿既硬又冷，像是煮好放很久才端上桌，味道也不新鮮。這盤雞腿麵要價 400 元，卻端出這種口感和品質真的太令人失望，連我的印傭都吃得出來雞腿「怪怪的」。這樣的出餐品質真的讓人很難再訪。  3. 價格偏高，但與品質不成正比** 我們點了三份義大利麵，加上兩杯超小杯的紅茶，總共 1260 元。以這個價格來說，CP 值真的偏低。老實說，隔壁早餐店的用餐體驗可能會更好，也難怪假日中午只有兩桌客人。餐廳若選擇高價位就要承擔品質上的期待，不然真的會讓人覺得在殺雞取卵。  4. 遊戲區動線與規範不明確** 要求要脫鞋，但現場看不出界線在哪裡，希望能做更清楚的標示，家長才不會摸不著頭緒  5.拜託不要在意大利麵裡面加苜蓿芽了,[Lin Yu xi | 2024-09-26T08:40:44.129974Z | 5分]: 下課帶小朋友來吃午餐，餐點很精緻，明太子花枝義大利麵很新鮮，素義大利麵的口味很清爽，燉飯好香。小朋友很喜歡店內的玩具，店內的玩具感覺是很用心挑選的，都是木頭材質，而且可以發揮創意的。大推果汁耶，新鮮又好喝，小孩一次喝二杯。整體環境乾淨整潔。有一種媽媽終於鬆一口氣的感覺。,[Michelle YUN | 2024-06-03T08:54:50.010811Z | 4分]: 5天前左右訂了週日下午的4大1小位子，台北市的親子餐廳幾乎都滿了，很難得有親子友善的咖啡廳。當天人也不多，有小孩的客人會被帶到遊戲區旁邊的位子。來這用餐的好處是小孩坐不住也沒關係，就放生去旁邊遊戲區，雖然不大，但童書、溜滑梯盪鞦韆、玩具也是應有盡有，當天有4個小孩+4個大人在遊戲區裡，也不會感覺到擁擠。  餐點就是一般台北市水準的味道跟價格，希望能有餐點搭配飲品的套餐服務，以親子友善餐廳來說，味道算可以。  唯一美中不足的是，進入遊戲區雖然需要脫鞋，但是小孩跑來跑去一樣會光腳跑到爸媽的用餐區，然後又光腳跑回遊戲區。如果能多加管制就更好了,[鍾昀蓁 | 2024-03-01T11:17:09.467681Z | 5分]: 老師帶我們來這裡餐聚～ 很喜歡餐廳的裝潢和氛圍，從裝潢就可以感受到老闆的用心，我點了寶寶餐來吃，漢堡排很多汁！茄汁飯也很夠味～ 這裡的餅乾超級好吃！很推薦貓舌餅乾，是那種有厚度的餅乾🍪 香草冰淇淋鬆餅可以多個人一起點來吃，我們是四個人一起點，冰淇淋超級香！ 之後有經過還會來消費😆,,https://www.google.com/maps/search/?api=1&query_place_id=ChIJBy9WAHyrQjQRCDU8Cp-PLAc
Second Floor 貳樓西湖店,114台灣臺北市內湖區內湖路一段300號,4.3,[Lazarus Hung | 2026-02-22T04:21:45.370124504Z | 5分]: 生意很好，強烈建議要訂位，否則現場候位可能需要一小時。  交通便利，鄰近捷運站，附近汽機車停車也都很方便。  吃過很多次早午餐，從來沒有踩過雷，基本上口味都還不錯。餐點份量充足，除了主餐外，還附有2杯飲料，其中第二杯是可以無限續杯的。  外場服務人員Hana很親切，也很及時注意各桌狀況，值得嘉許。,[Jojo Wang | 2026-01-25T22:09:02.290907089Z | 5分]: 我蠻推薦Second Floor「貳樓」，我個人是第一次吃，住內湖的朋友有吃過推薦覺得好吃有質感，朋友想說我考上考試，吃好一點慶祝一下，剛好彼此放風，只要付自己吃的部分就好，可以好好聊天的感覺真棒👍🏻 貳樓平均價位、消費方式  貳樓Second Floor每人低消需點選菜單上的任１品項（加價購項目除外），也就是說，每位顧客需至少消費１份菜單上有的正餐或飲品，且需加收10%服務費。餐點部分，以豐富多樣的早午餐盤、義大利麵、燉飯、漢堡、排餐等為主軸，平均價位落在360元～760元之間。  我朋友本來要訂［南港車站店］生意超好的！訂位都滿了！後來發現［西湖店還有］，但，只剩下10:30的時間，果然是名副其實的早午餐😁假日生意也很好呢！位於內湖科學園區，看網路介紹，平日晚上生意更好。「貳樓」很搶手呢！  餐點很厲害，我跟朋友點了： 橙香法式丹麥舒肥雞、班尼蛋奶油炒菇煙燻鮭魚，各有2杯飲料，點了新鮮果汁和茶飲；甜點是苦甜脆脆黑巧冰磚及布蕾波波冰淇淋杯。 而且飲料無限續杯，還可以喝不同的飲料，我跟朋友喝了熱飲2次，冷飲1次、果汁1次；桌上有提供番茄醬、白開水和黑胡椒。服務員還會幫忙補白開水，超讚！不用擔心聊天口會渴  「貳樓西湖店」用餐時間2小時，位於捷運西湖站旁邊，走路大約五分鐘就到了。是個寵物友善餐廳，當天用餐，我們隔壁桌就帶了一隻狗狗，很乖的坐趴在桌子底下，中大型犬很可愛。,[Chuang | 2026-01-19T12:48:18.735977700Z | 5分]: 適合聚餐，寵物友善的環境。食物都蠻好吃的，飯跟麵類份量也蠻大的，飲料也可以無限續杯。兒童慶生還有特別的佈置與蛋糕，真的很用心～,[QQ熊 | 2026-01-18T14:49:26.376992827Z | 5分]: 餐點、服務都令人滿意！寵物友善，而且會給毛孩美味的炒蛋，這點也非常加分！已多次回訪👍,[張森維 | 2026-01-17T04:57:57.187351332Z | 5分]: 今天跟女朋友四週年一起來吃貳樓！ 整體餐點很好吃！而且女友還有備注我們今天是來四週年！感謝帥哥服務生ARIC幫我們準備小驚喜蛋糕跟巧克力畫 之後有機會還會來吃👍👍👍,https://www.google.com/maps/search/?api=1&query_place_id=ChIJCyKuHW-sQjQRLbLgae6QWSU
Timama kitchen,114台灣臺北市內湖區江南街71巷16弄32號,4.2,[Jessie Kao | 2025-12-19T16:22:21.646167317Z | 5分]: 這家店一直放在口袋名單好久了！（是番紅花姐姐大推的好店） 很棒的氛圍和環境、美味的餐點份量實在。跟女鵝一人點了一份主餐：松露蘑菇燉飯和雞肉起司筆管麵，很特別的芋頭濃湯第一次喝到；前菜煙燻鮭魚有4片，每片的厚度很有誠意！吃到一半又覺得不過癮，加點蒜香蝦佐雜糧麵包...真的真的好滿足！飲料自助區的黑糖鮮奶茶完全不會太甜又有奶茶的滿足感、無糖的阿里山烏龍茶也不輸給奶茶。壓軸是黑糖香草冰淇淋。很值得支持的優質店家。,[Sunny Tsai | 2026-01-19T23:58:23.633849770Z | 4分]: 對女生來說份量還蠻足夠的，以健康餐來說是好吃的🥰，我點的是鱸魚，還有附白飯，另外也可以選麵包，同事點的有加套餐，所以有附沙拉跟湯，價位上以內湖來說是合理的～,[Bryant chu | 2025-10-31T05:05:31.267474421Z | 5分]: 這間餐廳給人的第一印象相當不錯，座位寬敞、沙發區坐起來非常舒適，即使是一個人前來用餐，也能感受到放鬆自在的氛圍。雖然店內人潮不少、環境稍微吵雜，但整體空間開闊，不會讓人感到壓迫。地點也相當便利，對面就有停車場，一小時60元的價格合理又方便。 今天來內湖開會，繞到附近找吃的，點了香蒜牛肉蔬菜綜合沙拉，份量剛好、味道清爽，牛肉嫩口、搭配香蒜香氣十足，整體平衡得很好。餐點價格合理，重點是不收服務費，讓人覺得誠意十足。整體來說，是一家很適合放鬆用餐、聊天聚會，或是一個人安靜享用餐點的好地方，會讓人想再回訪。,[Zhi zhi CHIANG | 2026-02-06T15:01:08.270903325Z | 3分]: 很久沒去吃，午餐只有這些品項，甜點也變的很普通,[sunny chen | 2025-12-13T07:59:06.718743770Z | 5分]: 餐點不錯吃，加點套餐，有濃湯、飲料吧，用餐不限時，且免收服務費，和朋友小聚，很棒！,https://www.google.com/maps/search/?api=1&query_place_id=ChIJd8JMXwKtQjQRtcgmBVKpiOs
歡樂便所主題餐廳,111台灣臺北市士林區文林路173號2F,4.7,"[Ou Ch | 2026-02-10T14:31:20.732595186Z | 1分]: 其實真的不想給太差的評分 但真的... 1大1小（3歲）來用餐，小朋友都要收低消，這種餐廳收低消可以理解，說菜單隨便一樣都可以 於是我點了一個火鍋$390，另外加了$190的套餐（含濃湯/麵包/冰淇淋/飲料），店裡妹妹來告知+套餐不算低消需要再加點一樣，於是我只好選了一杯店內價位最低的可樂$130...加上服務費快$1000  1.店內雖像親子餐廳卻沒有提供兒童餐具,小朋友只能給個咖啡用湯匙😔 2.套餐的飲料我選綠茶，卻有股消毒水味，我對於我本來人說，實在不喜歡無法下嚥，於是我才加點可樂 3.跟店員要了一把刀，但刀上到處沾著原子筆的墨汁，不確定是不是把餐具跟文具放在同一區 3.濃湯跟麵包都挺好吃的 4.火鍋附的白飯成黃色，乾硬，可以感覺不是隔夜就是白天剩的，換了一碗後小朋友仍說飯硬，最後也只能泡湯吃 5.火鍋的豬肉乾硬..花枝餃吃起來像馬麻糬...😔 6.最後...員工的訓練不足，一開始都不會介紹水/紙巾/餐具調料的位置（三個位置均不在一起，我在那找水跟紙巾就找了好久） 7.評分高也是刷出來的😑  總之...這是第一次也是最後一次來 如果貴老闆有看到這則評論,希望您能好好改進這些問題，畢竟這也是士林的青春",[Wen Yu Shih | 2025-12-10T11:09:39.801039874Z | 5分]: 有點貴，菜單推薦的 義大利麵意外的都好吃 （個人最愛蛤蜊） 咖哩中規中矩， 咖哩內有肉跟杏鮑菇 生菜沙拉還不錯 裝食物的餐具都跟馬桶有關很有趣 加點套餐的熱奶茶可調整甜度 有一個球池供小朋友玩耍 裡面還有放很多泳圈 餐廳裡的小孩們都玩得很開心捨不得走 只收現金 下次還會再來,[Ray Hsu | 2025-12-06T11:32:13.267835164Z | 5分]: 從樓下就可以看到大馬桶在外牆上非常搶眼，餐廳位於2-3樓  採取QR Code點餐，每人至少要點一樣（餐點飲料都可）  我們點了拉稀牛肉什錦鍋$350、奶油嫩雞焗烤飯$330、鄉村蕃茄時蔬義大利麵$280及蜂蜜蘋果便便鬆餅$300  等待餐點時間，來好好欣賞整間便便(便便)餐廳  2樓走日式泡湯路線，有便便山壁畫牆及馬桶造型球池區；座位區的椅子都是馬桶🚽，椅墊還可以掀開唷，桌子下都有陶瓷便便裝飾，非常促咪  3樓較寬敞，採光很美，走時尚網美裝潢，鮮明活潑的黃色搭配白黑色系，角落還有網美牆浴缸球池，多款表情便便抱枕滿逗趣  接著來開吃啦～  💩「拉稀牛肉什錦鍋」 用馬桶造型鍋具盛盤，配料滿豐盛的，白飯滿滿一碗，湯頭鮮甜順口，食材都有入味，好吃  💩「鄉村蕃茄時蔬義大利麵」 附小碗沙拉及毛豆，麵的份量很夠口感Q彈，並吸附了滿滿蕃茄汁，口味不錯，吃完會飽的那種  💩「奶油燉雞焗烤飯」 附小碗沙拉及毛豆，味道中規中矩，份量沒有到很多  💩「蜂蜜蘋果便便鬆餅」 便便造型鬆餅可愛，冰淇淋要先吃不然很快融化  店員們都很親切友善，整間店的裝潢及餐具的選用都可以感受到貼近便所主題的用心，也滿適合親子的唷，小孩很愛2樓及3樓的球池區，玩到不想走😆,[丁健晟 | 2026-01-17T15:02:15.515068469Z | 5分]: 餐點意外的驚人！真的很好吃 鹹酥雞超酥脆軟嫩！而且還很多汁 餐點份量也很大很有飽足感～,[Sonia Shan | 2025-10-11T06:25:08.678986523Z | 3分]: 適合帶小朋友來拍照嚐鮮，食物調理包的感覺很重，嘗鮮的聚會拍照餐廳，2樓有小小的兒童遊戲池。廁所的裝潢個人不太欣賞。,https://www.google.com/maps/search/?api=1&query_place_id=ChIJd9QKFaWuQjQRLPGO-ltaXj4
早點醒,110台灣臺北市信義區信義路五段150巷14弄12號,4.3,[Yaya Huang | 2025-10-30T09:38:50.697966275Z | 3分]: 早起爬完象山後，來到這裡吃早餐 生意很好！有許多組都在候位 熱狗堡很好吃😋不過蔥抓餅略顯一般，有點乾,[Amy Su | 2025-08-18T13:35:19.162286168Z | 5分]: 去爬象山先來吃早餐，很特別的店，藍色風格。店內放的音樂很讚 餐點很實在清爽不會油無負擔 選擇性豐富飲料紅茶很有茶味不會很甜。用餐後很滿足,[W Winnie | 2025-03-04T07:17:40.622664Z | 5分]: 是因為炸湯圓的圖片而來到早點醒吃早午餐，沒想到肉醬蛋餅、炸雞塊跟塔塔大卡拉雞腿蛋大可頌都好好吃，大可頌真的有夠大比我的手還大(以為很小想說能大到哪裡去😂)，雞肉口感很好裡面的醬料搭配吃了不膩，有讓我驚艷到，炸物比很多美式餐廳都好吃很多，吃完直接爬象山當消食😁,,,https://www.google.com/maps/search/?api=1&query_place_id=ChIJeY-MOqSrQjQR30bwWOZVEcA
象園咖啡內湖店,114台灣臺北市內湖區內湖路二段192號,4.2,[拍 | 2026-01-10T04:07:17.580159793Z | 5分]: •	茄汁烤牛排燉飯：味道有點偏鹹，稍微可惜。 •	焦糖海鹽巧克力：整體表現普通，沒有特別驚豔。  🎂 生日優惠 & 服務 生日壽星前七天與後七天都有送 小象鬆餅，還有貼心的小驚喜，真的很加分，感受到店家的用心，這點很讚 👍🏿  整體來說，餐點還有進步空間，但生日小福利和服務態度讓人印象不錯。,[愛玉 | 2025-12-03T15:15:08.593901727Z | 5分]: 擁有得天獨厚的地理環境，前方便是「壁湖公園」；到達時，就被可愛的彩色大象們吸引住！戶外座位超搶手！面對湖光山色的怡人景色，享受著美味佳餚。 平日用餐時段人潮不斷。多人前訪幾乎都會事先預訂。餐點選擇多，小象鬆餅每桌必點！除了有兒童餐，特別的是還有提供「寶寶粥」呢！不愧是親子餐廳～ 🔸 燻鮭魚撘手工薯餅早午餐 - 390元 🔸榛果拿鐵 - 150元 🔸象式可頌鬆餅（單隻） （附完整菜單）,[M Y | 2026-01-04T10:53:02.302849136Z | 5分]: 來幾次了 今天來幫老的小的慶生 有慶生鬆餅 （生日前後7天）  今天的鮭魚奶油麵？ 每吃一口都稱讚一次😋 也謝謝主廚🙏  服務基本上都很不錯， 就是有收服務費的一般標準  🖍️金髮綁半馬尾的哥人超好的👏👏👏👏👏  來確認我們的飲料是不是有多點了😆 真的！我在QR code有刪除一杯 可能沒有更改後沒有儲存到😅  還好有您來幫忙確認還幫我們重新下單🙏 為客人著想💯 (不好意思記下您的大名，但謝謝您),[Vv鴨子（eziyamimi） | 2025-11-10T06:26:34.418581200Z | 5分]: 大象可頌超級可愛的配上鮮奶油還不錯吃 個人超愛水果優格盤👻 其他餐點口味一般～  室內寵物不能落地可以上椅 室外無限制 有送寵物點心很棒 （室內可以落地就更棒了🫣）  對面是公園可以帶寵物、小孩、長輩放風 有免費停車場可以停,[艾瑞絲的吃貨日常IG:iris_eating_0605 | 2025-09-27T14:51:42.974790819Z | 5分]: 碧湖公園湖景第一排！超美歐風咖啡廳❤️ 平日中午時段也生意很好 餐點品項也非常好吃 選擇也很豐富 有義大利麵、燉飯、早午餐，還有日式定食！  🎂用餐日期前後七天生日，出示證件免費送大象鬆餅～超有誠意！不僅可愛又大份 緞帶上還可以印專屬名字～很有驚喜感,https://www.google.com/maps/search/?api=1&query_place_id=ChIJfepvyousQjQRq2rFXvS-esU
白菜小姐義式坊,114台灣臺北市內湖區江南街71巷16弄40號,4.6,[LJ Lin | 2025-11-17T04:25:12.592027653Z | 3分]: 義大利麵就是要吃到新鮮的蒜，還好一開始的時候沒有點大蒜辣椒我點了白酒蛤蠣，因為有爬過尾就有看到他們總理份量比較少，所以就有加45整理的價格也是蠻低的，但是在味道上跟份量像可能…店裡面偏愛座位沙發區有給狗做的，他會貼先問有沒有需要狗狗的水碗狗狗可以做沙發對狗狗來講是很有善的地方 但是食物不太,[Faune Tsai | 2025-09-09T02:08:10.921423887Z | 3分]: 義大利麵好吃，筆管麵體軟硬適中，味道也好。喜歡自助區提供飲水與醬料，整體裝潢氣氛好，也算整潔。生菜沙拉單點$60，份量非常少。可以體諒生菜成本高，份量如圖，也許有人能接受，但我不太行。和風醬味道不錯，菜也都新鮮，唯一問題在份量。如圖所示，照片是完全還沒食用前拍的，菜五片，其中兩片不到手掌的一半大小😅,[Eric Lee | 2025-05-06T04:56:17.366729Z | 5分]: 臨時決定要外出午餐，剛好搜尋到這家寵物餐廳。  旁邊就是Times停車場，僅有4個車位，不過很幸運停到最後一個位置。  舒服的空間，和氣又勤快的服務生，進門就先給狗狗🐶水喝，網路點餐後餐點很快上桌。  青醬奶油煙燻鮭魚燉飯，鮭魚鹹香入味，米粒悶煮稍微過爛（我是米心派），整體而言算是味道不錯。  奶油蘑菇嫩雞，雞肉軟嫩入味，奶油蘑菇醬香濃可口，非常好吃  加點的沙拉份量小了些，但甜橘味道甚好，回味無窮,[J Z | 2025-02-23T16:00:19.048329Z | 4分]: 義大利麵還不錯，屬於醬汁較少的，但蝦子個人覺得吃起來像發泡蝦。他的蛤蜊就很大顆很新鮮好吃。推薦蛤蜊類。 內用可以額外付費加料蛤蜊、蝦仁等。 墨西哥蝦仁麵的孜然味滿重，跟我想像的稍微不同。 狗狗很可愛。也很乖,[Akira Hsu | 2024-08-26T14:46:56.103256Z | 5分]: 這是一間寵物友善餐廳，可以帶心愛的寵物前來一起用餐，除了人吃的東西，店家也有準備一些寵物的餐點，在瑞光路的巷子裡面，旁邊就是公園，不算難找。  從店門口是看不出來，裡面有這麼寬敞舒適，沉穩舒服的環境，很適合帶著寵物來消磨一餐，一個下午的感覺，店狗，感覺有點害羞，很怕人的感覺，其他，其實不太清楚店家自身常備的看門寵物是哪些。  餐點的部分，算是價格合理，微微的偏貴，不過在這一曲也算還可以接受，口味相當不錯，份量算中等，但是因為用的盤子很小，所以看起來會覺得份量有偏小的感覺。  義大利麵，和燉飯都蠻好吃的，炸物很弱，湯普通，有機會還是可以再去試試其他菜色的。,https://www.google.com/maps/search/?api=1&query_place_id=ChIJFRwCvjitQjQRIUW3FrHbvlw
WilsonPark 威爾森公園 （Steak & Wine）,114台灣臺北市內湖區民權東路六段125之1號,4.7,[Polly Chou | 2026-01-14T09:46:07.172106304Z | 4分]: 威靈頓牛排為求整體濕潤不乾噎 採用中式酥皮包裹培根、蘑菇和紐西蘭菲力 菲力牛排非常嫩、牛肉風味濃郁 酥皮帶有厚度吃起來像玉米濃湯上的酥皮XD  其他副餐也毫不遜色，超驚喜 每一道菜都精緻的搭配不同食材與醬料 匠心獨具，創意又巧思 而且份量頗足～  ◼️ 威靈頓牛排NT$1980 ◼️ 摩洛哥烤雞腿串NT$380 ◼️ 1月季節限定｜炒青花筍NT$380 ◼️ 炙燒鮪魚油醋沙拉（加無花果）NT$480 ◼️ 1月季節限定｜扇貝（2份）NT$760  ◻️ 有廁所，提供飲用水（超貼心是溫水喔！） ◻️ 10%服務費，可刷卡 ◻️ 寵物友善（不落地） ◻️ 外帶自取打9折,[Ariel | 2026-01-21T15:29:57.971857569Z | 5分]: 這家餐廳真的讓人一吃就愛上🥰 不只環境舒服、服務親切，餐點也道道精彩✨ 威靈頓牛排🥩外皮酥香、牛肉鮮嫩多汁，層次非常豐富，真的必點！ 另外牛肋眼奶油麵🍝香氣濃郁但不膩，牛肉超嫩，和奶油醬完美搭配🤍 整體水準很高，完全值得再訪，大推👍😍,[Jamie Ch. | 2025-11-23T11:57:55.421240285Z | 5分]: 追蹤Wilson park的ig一陣子， 一直被威靈頓牛排吸引， 很久沒吃， 也沒有很多間有這道， 於是貼給男友看， 男友沒吃過但也很有興趣， 附近其實很多停車場蠻好停車， 裡面裝潢氣氛都很好， 我們被安排到窗邊位置， 今天天氣很好採光也很美， 點了前菜 「日式A5和牛海膽」， 威靈頓牛排之外， 還點了伊比利豬排加手工寬麵， 對於我們兩個來說真的很多… 撐整天。 威靈頓牛排真的很嫩，搭上酥皮… 真的太美味， 單吃不用加其他調味就很香， 伊比利豬排也很嫩！！ 寬麵也很有嚼勁，不是軟的，我還蠻喜歡， 男友覺得可以再煮久一點， 但份量跟我想的不同，有點多… 我們這餐直接抵兩餐… 下次有機會，還想吃別的。,[Zoe Chang | 2025-12-24T03:27:27.090211239Z | 5分]: 主打原肉鮮切乾式熟成牛排 空間溫暖舒服，帶點英倫風格 有吧檯、座位區和包廂，很適合節日、紀念日，與朋友和另一半好好慶祝一下 // 🥩鴨肝慕斯手工麵包 $200 鴨肝慕斯細緻滑順，搭配瑪莎拉酒的微酸甜，抹在麵包上很剛好 🥩炙燒鮭魚百香果無花果沙拉 $480 生菜清脆，百香果油醋酸香清爽，鮭魚油脂加上辣味核桃，層次豐富 🥩胭脂蝦蝦滑 $580 蝦油香氣明顯，蝦滑柔軟帶甜味，單吃就很有存在感，配麵包也加分 🥩明太子日本山藥 $220 山藥清脆滑順，明太子鹹香剛好 🥩乾式熟成美國 Prime 肋眼牛排 28 DAY $2980 28 天熟成讓香氣更集中，口感也比一般牛排來得扎實 這次選擇三分熟，切開後肉色較深，能感受到乾式熟成特有的香氣，帶著一點巧克力與堅果的氣息,[Jeep Loopy | 2025-12-31T01:11:43.688313221Z | 5分]: 沙拉很好吃  還有無花果 威靈頓牛排好吃  推薦 份量十足！  需要事先預訂喔,https://www.google.com/maps/search/?api=1&query_place_id=ChIJfzjbheitQjQRa3PNwDBxq6E
巧果子,111台灣臺北市士林區美崙街78號,4.3,[Hans Lin | 2026-01-04T05:37:28.849917633Z | 1分]: 這麼優質的餐點不能只有我吃到😇 第一次吃到那麼油又那麼鹹的白醬 海鮮的蛤蜊很不新鮮 早餐店的義大利麵 價格非常「平易近人」（？） 請大家一定要來試試看☺️,[Bella Chen | 2026-02-01T11:11:58.026785173Z | 5分]: 剛剛買了德式香腸紅醬義大利麵給小孩吃 小孩非常喜歡💕 感謝前面的鹹水雞老闆介紹好店家給我 拿到麵要離開時店裡的小朋友還特別跟我說byebye實在太可愛了😍 是一家一定會再回購的義大利麵店～,[咕咕咕 | 2025-10-31T22:25:17.164721572Z | 1分]: 餐點鹹到靠杯，鹽巴當起司粉在撒也沒水，店員就顧小孩聊天抽菸，不是會上菜就能開店欸,[Ä | 2024-10-19T05:18:47.501155Z | 5分]: 一間溫馨的小店。 牆壁看似可以隨意塗鴉，蠻有趣的 服務很好，價格便宜  義大利麵口味不錯，餐包好吃。  來兒童新樂園可以順道來吃吃。,,https://www.google.com/maps/search/?api=1&query_place_id=ChIJhxfETbyuQjQRmD7M7JYcSXk
吉祥小館,111台灣臺北市士林區雨農路31號,4.3,[黃國倫 | 2025-12-25T10:17:27.630938351Z | 5分]: 服務員態度親切 餐點上菜速度快 料理吃起來好吃😋 大人小孩都很愛 很適合家庭聚會或是跟親朋好友來吃,[Doris Chang | 2025-08-09T12:46:51.362492410Z | 4分]: 蒜泥鮮蚵 320 鮮蚵新鮮，如果蒜泥要分開要先說。  五更腸旺250 不會很辣，鴨血很多，腸不多。  紅燒獅子頭 感覺必點🤣  放山雞很嫩，有叫桌菜很適合預留。,[呂冠廷 | 2025-02-08T12:48:19.787669Z | 5分]: 超級好的的餐廳 1.客家小炒的調味有夠讚 希望豆乾可以選更有口感的 吃起來會更讚 獅子頭需要預約 當天很剛好是最後一份 裡面菜菜很多相當於一個手掌的量 2.獅子頭吃起來香甜可口 表皮脆脆的裡面嫩嫩的 超讚的～ 3.鐵板豆腐 裡面的配菜跟調味有夠讚 蝦仁新鮮姑姑有夠大顆有夠讚 裡面的碎肉有夠讚 主角豆腐外皮脆脆裡面嫩嫩 一盤至少可以配3碗飯 有夠無敵讚 白飯20元吃到飽算是對男生狠優惠 裡面不敢吃辣要直接跟老闆娘講 他可能會直接幫你配中辣 辣歸辣但還是很讚,[Chuang Boxiang | 2025-12-22T05:41:24.609770276Z | 5分]: 第一次到訪整體口味感覺不錯，兩個人四道菜 1.雪菜牛肉 2.塔香蛤仔 3.山蘇小魚 4.冬菇白菜  全部吃完後覺得 最喜歡的就是雪菜牛肉 鍋氣味十足，很下飯 雪菜跟牛肉的比例抓得剛剛好 真的值得推薦點這道 塔香蛤仔也是很下飯的一道 不小氣的份量 如果可以的話調整辣度的話 下次我也會選再辣一點點 山蘇小魚口味鹹度都是我喜歡的感覺 山蘇很嫩，薑絲跟破布子的用量比例也剛剛好 可以說是很爽快的一道菜 冬菇白菜也不錯吃 只是跟其他道比起來略顯普通 也有可能是因為他是唯一清淡的一道菜  在吃飯的時候發現訂位客人蠻多的 老闆娘也蠻熱情的 聽到老闆娘在跟客人熱情推薦他們的宮保雞丁 她說外面絕對吃不到這個味道 下次再訪我會點來吃的 期待  旁邊有許多停車格 在週六晚上也馬上停到車 非常加分 附近車流不多 環境清幽,[Venus C. | 2025-08-11T12:56:59.307446946Z | 5分]: 餐點份量足夠，菜色多樣，價格實惠。 僅收現金💰,https://www.google.com/maps/search/?api=1&query_place_id=ChIJHZ56gp6uQjQRYaoc4dyx2lM
LOST and Found,106台灣臺北市大安區敦化南路二段11巷50號,4.1,[Ariel Tseng | 2026-01-17T16:32:04.859691072Z | 5分]: 2025.11.30 Lunch  環境是相當舒適的木質調風格🪵  我點了🍴#番茄酪梨開放三明治 +單點薯絲餅  🥗生菜的部分是高級嫩生菜 不苦澀✨  酸麵包｜酪梨｜黃紅小番茄｜瑞可達起司｜羅勒 疊在一起吃很像Margherita🍕 但整體 更飽口 更輕盈 麵包邊韌的 雖然有點難切 但不影響口感 除了新鮮小蕃茄 醃製蕃茄的味道也很好 巴薩米克醋✨一直是我心頭好 加分加分💕  一開始是因為 水波蛋｜荷蘭醬 而點的 但兩位跟優格 只能屬於 入圍但沒得獎🤣  #薯絲餅 🥔第一次吃🤩高高的期待居然被接住 剛剛好的鹹味 更突顯了馬鈴薯的薯香💯 表皮的脆脆 冷掉後 也不油膩🤎 絕對是必需加點的選項👍🏻  #Guavacoffee 芭樂美式 杯緣的鹹梅子 很有趣 但辦桌芭樂汁的味道 太容易有在喝瓶罐飲料的平價感 抱歉了咖啡😅  用餐時限快到，才送上Affogato。服務生一直來提醒時限，讓人很趕的把冰淇淋吃完，最後的結束不是很溫暖🥶,[blackbubu | 2026-01-13T09:05:56.201307707Z | 4分]: 靈魂伴侶大餐盤蠻划算的，東西很豐盛想吃的幾乎都有，那顆炸肉球蛋好吃，酸種配著酪梨跟燻鮭也不錯！ 開心拿鐵順口，但沒有什麼開心果味道，就是一層微鹹微甜的奶蓋，漂浮拿鐵比較不推薦，整體有點太稠，儘管已經吃掉大半個冰淇淋，最後冰塊太多也不會變稀，再加上稍微融化攪進去的霜淇淋，稠度太濃，能在多加一些牛奶應該會好一些。 軟趴趴布丁表現一般，不會過甜。 雖然出餐有點慢，但整體服務不錯。,[Jing Wu | 2025-11-18T08:30:36.015575093Z | 5分]: 寵物友善餐廳！可以看到好多可愛的狗勾 （看到的大部分是狗勾），謝謝鄰座願意讓我拍照，真的好可愛，吃早午餐可以看到可愛動物好療癒。  🪑環境跟桌距都很棒！很適合聚餐 週末人非常多～是一個大家會聊天的地方， 所以會稍微有一點吵雜，但聊天還是聽得到。  🍵低消是一杯飲品，果汁不錯😌 其他的咖啡中規中矩～ 義大利麵也蠻好吃的，最驚豔的是吐司， 烤的焦焦脆脆，聞得到奶油香，蛋沙拉可以平衡烤土司的乾澀。非常好吃。  😆漂亮的冰淇淋被我們吃的不太美觀 很上相，但我覺得淺嚐即可，對我來說屬於一次性打卡餐點。,[kiki & mina Tseng | 2026-01-08T15:16:49.432266294Z | 4分]: 環境不錯，但吐司那道甜點很普通，就是塗了草莓醬的吐司+霜淇淋，但價格卻不親民，其他餐點尚可，但沒有令人驚豔的特殊記憶點。,[林宏鍵 | 2025-12-06T12:58:15.821763856Z | 5分]: 台北市大安區，捷運信義安和站附近寵物友善超有質感的早午餐咖啡館！ LOST and Found 從捷運信義安和站大約是2分鐘的路程，雖然距離不遠但是用餐時間店內幾乎是座無虛席，事先訂位對於用餐體驗是有幫助的  一進入店裡面給人輕鬆舒服的氛圍，而多樣的菜單更是令人每項都想來一份：沙拉、三明治、早午餐、厚奶油熱壓可頌、藜麥飯、蝴蝶麵、木盤、單點和各種飲料  火腿酪梨厚奶油熱壓可頌，一上桌到時候真的是視覺的饗宴，最映入眼簾的是兩顆水波蛋，然後是火腿、酪梨和熱壓可頌，旁邊還有季節蔬菜、沙拉和優格杯，整份餐點味道完全恰到剛好，吃起來也是有份量的！  肯特炸雞，是份量不少的脆皮無骨雞腿肉，外皮酥脆，無骨雞腿肉多汁，直接吃或是沾著肯特醬吃真的都超好吃的  店內的低消是一份飲品，阿芙佳朵 Affogato 是Espresso上有著特殊造型的牛奶霜淇淋，可以說是LOST and Found 代表性飲品  想要吃早午餐的時候，來 LOST and Found 絕對沒錯！,https://www.google.com/maps/search/?api=1&query_place_id=ChIJj9j7W2WrQjQR_UgmSg_0jkw
UMAMI 金色三麥,110台灣臺北市信義區松智路17號7樓,4.2,[黎娜 | 2026-01-01T05:02:55.799685978Z | 2分]: 今年到金色三麥微風店參加跨年夜活動，整體體驗讓人非常失望。 每人收費 3499 元另加一成服務費，座位是安排在景觀最佳的位置，但實際的服務品質與價格完全不成正比。  首先，服務與上菜速度明顯過慢。標榜「啤酒無限暢飲」，卻必須等待服務生送酒，平均等候時間長達 20～30 分鐘，多次反映後情況仍未改善，讓人幾乎喝不到酒，與「暢飲」的期待落差極大。等待時間過久後反應服務人員，結果來一位服務員，服務員聽我們說完後，也完完全全沒有任何作為及改善，感覺又被敷衍了，真的很失望。  餐點方面，牛小排肉質偏差，份量與擺盤，完全沒有期待的驚艷感，未見應有的處理與熟成水準，現場也沒有任何餐點介紹或說明，感覺只是匆忙上菜，缺乏應有的專業與用心。  跨年夜付了一個如此高的費用，餐點沒有比平日來吃的餐更高檔也沒有變化，在餐點方面也非常失望。  跨年夜本是值得期待的特別時刻，但此次體驗無論在服務、出餐節奏或整體安排上都令人失望，希望店家能正視高價活動應有的品質與服務水準，避免讓消費者留下不好的回憶。,[Y T | 2026-01-04T14:42:42.636573548Z | 4分]: 服務可能人手不足，速度較慢。 聖誕烤雞套餐份量6個人吃很足夠。 每到料理都很好吃，湯點了海鮮鍋， 很中式的湯頭，但好喝海鮮味很濃郁。 蛋糕體也很濕潤，不錯！,"[雄 | 2025-12-25T14:29:31.526431999Z | 3分]: 位置在松智路微風南山的7樓，12/25(四)今天耶誕假期，所以晚上用餐很多人， 有先預約17:30分的時間，窗邊位子需要低消3,000元。 餐點有排餐、義大利麵、燉飯、PIZZA...等，還有一些特色餐點，價格約在200多至800元，套餐約1000多元。  這是第一次在這邊用餐，餐廳氣氛不錯 ， 但是等餐的時間非常久，而且有限用餐時間2小時（我們是到19:30分）， 平均是30分鐘，最後一個燉飯是等了1小時20分鐘，期間還有加點一道炸物拼盤，拼盤也都來了，燉飯還沒來， 期間也至少跟4位服務人員詢問，也沒用， 直到最後一位，才發現桌單上的餐點被塗消掉，送餐的人也許以為已經送了的意思嗎？  但是期間我們詢問多次完全沒有工作人員發現，只是敷衍的意思嗎？ 最後雖然有告知燉飯招待， 但是對於用餐的人來說， 只想要吃頓飽飯，享受耶誕大餐而以。 扣除燉飯消費總金額也要4,400元（含10%服務費)",[Elva Yang | 2026-01-03T07:32:07.867671716Z | 5分]: 想要享受奢華氣氛卻不會太貴的餐廳那絕對可以來這家不同凡響的金色三麥，一旁就可以看到101，不管是下午、或是晚餐時段，白天、黑夜的景緻真的都很讚😍,[黃鼎冠 | 2025-10-13T14:31:55.756755402Z | 5分]: 當月壽星直接送了一個六吋蛋糕，實在太大方了！  整體環境相當有質感，燈光美氣氛佳，挑高的空間搭配華麗的水晶吊燈，營造出浪漫又高雅的氛圍。 窗外夜景一覽無遺，邊用餐邊欣賞城市燈火，特別適合情侶約會或慶祝特別日子。  餐點不僅擺盤精緻，味道也相當出色，從主餐到甜點都能感受到店家的用心。,https://www.google.com/maps/search/?api=1&query_place_id=ChIJKcM2uWSrQjQRfon8d41sbGo
齊客咖啡 The Gathering Cafe,105台灣臺北市松山區健康路8巷5號1樓,4.8,[載浮載沉的大頭美女 | 2026-01-08T14:19:11.724105647Z | 4分]: 打拋豬肉飯套餐 洋蔥爆炒牛肉套餐 附美式咖啡水果 餐點現點現做。讚👍👍 美式太濃不愛（冰熱都喝過）,[李廣漢 | 2025-11-30T13:22:05.665754845Z | 4分]: 有素食菜單👍但咖啡不愛 松山整復KO酸麻脹痛卡 可搜尋：金松深層鬆筋膜,[南蓁 | 2025-03-10T15:53:04.933891Z | 5分]: 舒肥雞胸沙拉220 附美式咖啡100（可補差價） 不但好吃而且健康，半熟的水煮蛋搭配香脆的堅果還有生菜以及舒肥雞再淋上油，份量不算大，但價格合理  洛神花茶（補差價+30） 可回沖，不甜但很香，很順口，偏酸  柚香金萱茶（補差價+30） 可回沖，不甜但很香，也很順口  蘋果派 140 老闆自製，限定版，不是每次都有 真的非常好吃，內餡的蘋果+肉桂澎湃，超級香甜好吃，皮不是特別脆但也不軟，剛剛好，強力推薦  巧克力布朗尼 110 老闆自製，含冰淇淋一球 熱騰騰的巧克力布朗尼內有著滿滿堅果，吃起來香軟可口，搭配冰涼的冰淇淋，可以在沾上旁邊的甜甜巧克力醬，真的很經典，但不喜甜的自行衡量  老奶奶檸檬蛋糕 100 老闆自製 個人覺得比外面的都大片，而且很適合不喜歡太甜的人，酸甜的檸檬香在灑上檸檬皮後香味又更上一層樓，口感軟綿，好吃  店家服務超級好，而且環境整潔舒適，讓人很放鬆，適合和家人朋友去聊天小聚，超推他們的甜點，而且不用服務費,"[Gill Tu | 2025-01-13T03:34:14.532330Z | 5分]: 從外面經過時,本來以為是自行車行,沒想到裡面是有好吃餐點的咖啡廳~",,https://www.google.com/maps/search/?api=1&query_place_id=ChIJLU4r6jurQjQRrr44krDtxuY
羽樂歐陸創意料理,105台灣臺北市松山區南京東路四段162號,4.7,[Daniel Yang | 2026-02-05T02:05:52.718005817Z | 4分]: 主廚推薦套餐$658，湯+羽樂小點+主餐+甜點+飲料 每個人都有一個餐前麵包，可以續，餐前麵包有人說是本餐廳最好吃的，確實是蠻好吃的，中間有抹一個甜甜的醬 主廚精選濃湯-有點像是Costco馬鈴薯濃湯的味道，裡面沒有料，喝多了有點小膩 西班牙油蒜風味蝦-4隻蝦，大蒜調味，還不錯吃 東方老酒海鮮麵-海鮮蠻多，三隻蝦，三個蛤蠣，一隻小卷，幾個青花菜，缺點是酒味非常重，重到麵吃起來是苦的，難以下嚥。個人覺得最後悔的餐點 布朗尼-布朗尼裡有核桃，3小球草莓冰淇淋 泰式奶蓋-少冰，沒有調甜度，不會太甜 服務員服務都非常好，餐點相比起來個人覺得普通，可能是太有創意了 服務員會免費幫忙拍一張照片，洗出來送給你 低消$300 價格要再加10%服務費 QR code線上點餐,[力微加 | 2026-02-22T13:48:04.585791867Z | 5分]: 連續幾年都來羽樂慶生 每次來都很喜歡這邊的服務和食物 老闆的理念很棒 都有很正確的傳達到我們身上～  今年一月來訪 點了平常比較少吃的食物試試看 當日客人很多 對餐點有些疑問 沒有當下提出 之後 有在線上提出問題  老闆的處理方式 非常的用心和認真 很感謝你們重視我們兩個 小小客人的意見和想法  謝謝～,[CHING CHIEN | 2026-02-12T12:15:55.927756643Z | 5分]: 服務真的超級好，每個員工都很親切也很用心。 環境也很乾淨，給人就是很舒適的感覺～ 飲料跟甜點有點太甜之外，不過其他還是很優秀的👍🏻,[Jane Shen | 2026-01-15T15:31:51.545513885Z | 5分]: 我們吃下來人均大概600元 義大利麵、燉飯都還蠻好吃的 而且壽星還有很浮誇的蛋糕盤幫你慶生 也會幫你拍照留念 服務很好！！ 完全不像這個價格的服務💕,[Vikki Wang | 2026-01-21T13:56:09.761810047Z | 5分]: 今天來慶生，東西一樣好好吃，服務一樣好貼心。生日蛋糕現在下面有會唱歌的旋轉木馬轉盤～今天天氣很冷，要離開的時候服務人員好貼心的給我們一人一個暖暖包～心好暖啊～  讓人暖心的，是總超出人們預期的貼心～ 東西好吃是基本，真正讓我愛上的，是這裡的服務與氛圍～,https://www.google.com/maps/search/?api=1&query_place_id=ChIJlVNfWeqrQjQRqO4OMZ0keZ4
遊霂食光 MuMu Land | 親子友善 | 健康餐點 | 外送便當,108台灣臺北市萬華區西園路一段145號號店坊B2樓-7,4.9,[劉立文 | 2026-01-18T14:20:11.721784151Z | 4分]: 今天點雙肉150沒有加套餐、現金交易、這間店是免開統一發票的。  以健康餐150元價位的蛋白質含量來說，個人覺得稍微偏少。還好他澱粉給的還算適中，我用餐完畢後，再去捷運站對面的全家補喝一罐無糖豆漿😅  但就口感來說，是我目前吃過副菜與主菜，調味都好好吃。肉處理很嫩不柴，菜的調味是有味道但又不過鹹，好吃到我菜湯湯汁喝光光（還是是份量偏少還餓所以喝光光！？）  整體我給4分！  另外 捷運站出站拐個彎往地下街方向第一家就是，算是蠻好找！加分！ I人會喜歡的店，店員酷酷不太主動熱情，對我只想安靜吃飯好適合！ 用餐環境舒適，座位也很寬敞，還有水可以喝，都是加分項目！,[Jimmy | 2025-12-21T10:40:42.836833406Z | 5分]: 真的非常好吃！ 豬肉和雞肉的口感讓人很驚豔，軟嫩到不像在外面吃到的那種，完全沒有乾柴感，吃得出來處理得很用心。豬肉多汁細緻，雞肉柔嫩又保有肉甜，搭配醬汁剛剛好，不會搶味。  配菜清爽、調味自然，整碗吃完很有飽足感但不會覺得負擔。是那種吃完會默默記住、下次一定會再來的店。,[Oscar L | 2025-12-30T09:55:34.375407381Z | 5分]: 超好吃的 擺盤又好看。 在台北很難找到120的健康餐吧  已經三刷了，雖然不會特別來這裡，搭捷運經過這站都會下車來這吃,[Sophia Liu | 2025-05-30T06:34:34.764136Z | 5分]: 位於龍山文創基地內，從龍山寺捷運站往1號出口方向，旁邊有往文創基地的樓梯，走下去經過展覽的長廊後即可看到店家。 很用心的健康餐盒飲食店，目前吃過的餐點：舒肥雞胸、水煮豬前腿、素食餐、雙拼肉肉等，都沒有踩過地雷，肉類食材處理得很好，雞胸軟嫩、豬前腿肉有彈性，素食餐的杏鮑菇也非常好吃。 店內用餐環境看起來也不錯，應該是親子友善店家，店內還有兒童遊戲區。,[J in Huang | 2025-08-02T14:22:20.940654259Z | 5分]: 點了兩份餐+兒童餐 調味都滿原型的 很推薦！！ 舒肥雞非常嫩 菜也很有水準😉 原本看照片以為遊戲區玩具很少 結果小孩根本玩到不想回家🤣 很喜歡這邊 下次還會再來 Cp值很高的友善餐廳👍🏻,https://www.google.com/maps/search/?api=1&query_place_id=ChIJM9l4kmOpQjQR9DEpCZWOlCM
打卡咖啡館迪化店,103台灣臺北市大同區民生西路410號,4.6,[C米米 | 2026-01-24T02:23:20.112297784Z | 4分]: 手冲咖啡果香味濃郁順口不酸，可麗露口感不好裡面像發糕，（可以參考＂嬌嬌咖啡＂可麗露），空間小客人講話干擾大。環境算自在，廁所也乾淨。,[雁 | 2025-12-07T06:33:39.420822691Z | 5分]: 朋友說不想喝太昂貴的咖啡，在門外看了價格後，決定入店踩看看，各點了一杯熱拿鐵和手沖咖啡，沒想到竟出現大碗公。,[瑪琳達 | 2025-12-12T15:57:26.338346213Z | 5分]: 今天中午在大稻埕店裡喝美式咖啡，坐一下之後離開，傍晚接到派出所電話，應該是我付完錢之後把皮夾留在店裡，好心的老闆（施銘勳先生）幫忙送到附近的派出所，裡面的錢跟證件一樣都沒少。  真心太感謝，給您添麻煩了。下回再當面去謝謝您👍。,[冠宇 | 2025-07-18T07:22:30.198397336Z | 3分]: 要注意只能付現金，這個檸檬咖啡真的有驚艷到我，出乎意外的好喝咖啡和檸檬汁意外的很搭，燻雞起司蛋也很好吃但份量有點小，蛋和起司有點融化的ㄍㄡˊ在一起，肉桂捲相比滿普通的但肉桂很香，有點可惜的是身為一個咖啡廳卻沒有賣蛋糕有點失望  我前往「打卡咖啡館迪化店」。此店位置在迪化街，為老街之一。許多人去。店門口有門，門打開就可以進去。進去之後，有桌子，有椅子，也有牆。牆是紅色的，也有一些燈。燈亮的時候，室內會變比較亮。地板是地板。音樂有在放，但我忘記是什麼歌。  我坐在位置上。坐下之後，我看菜單。菜單上有很多東西。有咖啡，有甜點，還有茶。茶是熱的，咖啡也有冰的。我最後點了一杯咖啡跟一個甜點。甜點名稱是提拉米蘇。提拉米蘇是甜的。咖啡是咖啡味的，有一點點苦。甜點吃起來是軟的，然後有一點冰冰的，也不會太甜。整體來說就是甜點。  店內空間感覺寬。很多人在拍照。有人站，有人坐。有人拿手機自拍，也有人拍別人。牆上有字，那些字是英文字母，有點文青風。空氣中有咖啡味道，也有聲音。服務人員會走來走去，他們穿著黑色衣服，看起來是工作人員。說話不多，但會點頭。  我吃完之後，坐一段時間。時間過去，杯子變空。甜點也吃光。環境仍然存在，人還是在，有人離開也有人進來。窗戶透進來陽光，光線照到桌面，變成光亮。外面有人走來走去，有摩托車聲音。  我最後決定離開。離開前，我看一下牆，還是紅色。門還是門，我從門走出去。出去之後，我變成在外面。天氣普通，不熱不冷。店還開著，我已經不是裡面的人。這就是我今天去「打卡咖啡館迪化店」的經過。喝到咖啡，吃到甜點，也有看到燈。整體來說，是一間咖啡館，值得知道。,[IMSUESUEಇ | 2025-06-21T06:37:42.148675402Z | 5分]: 黑糖鮮奶茶很好喝🥛 鮪魚起司蛋吐司也好好吃🐟🍞 還有貓貓餐盤讓心情很好😆🐈🐈‍⬛ 空間不大但很舒適的咖啡廳 只收現金💰 有發票載具☑️,https://www.google.com/maps/search/?api=1&query_place_id=ChIJMUAZ63CpQjQRWLCOjtIeWkk
拉亞漢堡 台北錦州,10491台灣臺北市中山區錦州街341號,4.3,[劉佳佳 | 2026-01-18T03:49:42.609406795Z | 5分]: 聯名活動期間假日中午真的很忙 但店家態度還是很好，餐點也很好吃，謝謝店家的辛勞🙏 巧克力醬炸雞堡鹹甜鹹甜的意外的蠻好吃的🤣,[Joan Dliu | 2026-01-03T17:16:51.671410915Z | 5分]: 吃過多次好吃，新口味也都很有趣 每次都會想來嚐鮮，這次生甜甜圈草莓煉乳口味吃了驚為天人 是帶點酸味的草莓，甜而不膩好吃  說真的店員都會打招呼這點也覺得不錯 我明明有事快步離開，還聽到後面跟我說了掰掰~ 感覺店員感情很好，也很有熱度😂😂,[師大廖（ntnu_liao） | 2026-01-20T04:34:37.339338048Z | 5分]: 公司附近的拉亞漢堡，很喜歡里肌肉米堡，超厚超好吃,[Wu Alson | 2025-09-12T04:26:47.106585482Z | 5分]: 服務人員服務很好，並沒有先前人說的態度問題，吃很多次，漢堡跟麫食都不錯，值得給五星,[陸小婷 | 2025-09-05T00:48:18.577173363Z | 5分]: 服務人員態度很好，餐點現做要等，人員親切招呼內等，聯名商品可愛，早上人多建議先點才不用久等！,https://www.google.com/maps/search/?api=1&query_place_id=ChIJMUwgSuKrQjQRizcHD3amAgk
Bistro O 避世所,106台灣臺北市大安區師大路49巷3號2樓,4.6,[YUN YUN | 2025-11-07T12:36:35.290358226Z | 3分]: 餐點不錯，座位少，用餐過程中有看得到新客人沒有預約就沒辦法用餐，感覺人手不足所以需要等待，店內空間關係顯得很吵雜（但也沒辦法），很看旁邊的客人如何。 店內的貓非常漂亮也可愛，是最療癒的一部分。,[winnie chien | 2025-07-28T13:53:48.561695760Z | 5分]: 食物非常好吃！細膩的味道配上新鮮的食材，真的一口接一口～但若用餐時間較晚，會出現部分餐點售罄的情況～ 最喜歡手工麵包盤，特別是酒蒜辣蝦口味，蝦子新鮮外，麵包非常香，口感有勁但不會過硬，配上酒蒜醬汁真的絕配😋 義大利麵最喜歡貓耳朵麵，但這次到訪因為時間較晚所以已經沒了，於是這次嘗試了煙花女義大利麵，番茄酸度剛剛好，配上有勁的辣度，非常完美，完全不會膩❤️ 飲料與前菜部分也是表現得非常好，基本上所有品項都是好吃的，酒的部分也表現的很棒喔，適合下班小酌的地方～ 現場位子偏少，上菜速度稍慢，適合閒來無事享受一頓美食的時候來吃，巔峰時間可能會沒位子，建議假日要訂位哦～ 還有店貓很可愛，要記得摸摸他，吃飯的心情會變更好😍 店家支援多種電子支付，非常方便哦！ 總體來說，非常值得嘗試，是可以納入每月固定到訪的名單喔🤩,[陳佳汝 | 2025-12-31T21:01:42.577304736Z | 5分]: 食物非常好吃，自栽香草茶是一絕，自己栽種的新鮮香料，清香上乘的味道，無可比擬，氣氛輕鬆愉快，特別喜歡陽台空間，愜意美好,[Mori | 2025-08-03T10:42:09.424566223Z | 4分]: 麵包是老闆自製，貓耳朵義大麵不錯吃，店內有漂亮貓咪，記得單純看，不要摸抱,[Qi Li | 2025-07-20T13:08:43.180212704Z | 5分]: 麵包口感 麵粉香 香料香 平衡的恰到好處 沾著蝦仁湯超級好吃 沾好沾滿一滴不剩 義大利麵炒辣椒很提味 番茄酸的很入味 加上超級多的培根 整個香味很有層次 水果茶滿滿的水果 可以直接當甜點了 這次沒吃到貓耳朵很可惜 下次想吃,https://www.google.com/maps/search/?api=1&query_place_id=ChIJMXDWhoWpQjQRJvXnYteR7xE
豐萃早午餐,104台灣臺北市中山區撫順街9號,4.2,[發財貓貓 LV10 | 2026-01-27T06:45:53.708038778Z | 4分]: 豬排蛋餅=6/10分 捷運餐車買，一盒有五塊， 可惜是冷的，有附一醬汁， 沾醬較好吃，皮嫩肉軟嫩， 調味是普通，貓會給六分。  奶茶=6/10分 味道是微甜，口感是滑順， 調味是偏淡，沒有啥特別， 整體是普通，貓會給六分。  煎餃加蛋=6/10分 一份有六顆，加上荷包蛋， 有附一包醬，加醬較好吃， 不加是普通，味道是鹹甜， 口感是軟嫩，整體是普通。  蜂蜜鮮奶茶=7/10分 味道是清甜，口感是滑順， 比奶茶好點，蜂蜜味道濃， 帶點奶香味，貓會給七分。,[33 | 2025-11-14T15:43:48.913871659Z | 1分]: 沒吃過這麼難吃的法式吐司，真的很難以下嚥。入座沒多久就看到很大一隻的蟑螂在牆壁爬來爬去，老闆叫別人出來打蟑螂，事後也沒有覺得不好意思之類的，還有一堆小蒼蠅在飛來飛去，一走進店裡就聞到了油耗味，看到這麼多評論五顆星，真的不知道怎麼給的，真的不能被評論騙來 喔還有這個餐點要180幾元，不懂在貴什麼,[周其偉 | 2025-09-21T01:04:12.367051887Z | 5分]: 雞腿排拼盤套餐的雞腿排香嫩多汁，加上清爽沙拉搭配，如果是跑團跑完聚餐可先預約地下室大約有24個座位，安心用餐聊天也不怕打擾到其他客人，很棒。,[拉土 | 2025-04-27T09:51:09.235385Z | 5分]: 餐廳環境乾淨，重點量多cp值很高  近捷運站附近方便抵達 已列入口袋名單～👍,[Rena | 2025-07-30T16:48:37.942056854Z | 3分]: 價位真的蠻高的，可能是因為這個地方的房租也比較高吧所以轉嫁成物價，味道吃起來就是普普通通沒有特別驚艷，義式拼盤的麵包蠻好吃的。但是先奶茶喝起來超級像奶粉奶茶，味道跟好市多粉紅色的那個奶茶粉包泡出來的有90 %相近。 如從其他評論出與做之間的距離真的很近，所以如果有人大聲講話整間店就是吵到不行。 雖然有樓下的位置很好，可是要自己上下樓拿，那個樓梯的間距超級高，拿著餐點下去的時候完全看不到樓梯，我覺得我隨時都會摔死…,https://www.google.com/maps/search/?api=1&query_place_id=ChIJN2UHYkCpQjQRwdxAiIhBEac
Cafe La Connection,111台灣臺北市士林區華聲街87號,4.7,[irene wang | 2024-11-22T01:21:24.498803Z | 5分]: 個人私房小點，只要到附近一定特定來 尤其非用餐時刻偏安一隅的寧靜很chill 咖啡，鬆餅推薦，不愛甜食的我每次必點 鹹食餐點簡單清爽，份量剛好 老闆娘也熱心,[蕭信宏 | 2024-03-15T10:12:23.592320Z | 5分]: 環境舒適，座位空間不擁擠，但是座位不多，四五組客人就差不多滿了。餐點種類不少，這次吃了德國香腸，鬆餅等餐點。都不錯吃，價格還可以接受。櫃台小姐聽到我在咳嗽，還特地送上一杯溫開水，超貼心的。  這次的餐點有炒蛋，鬆餅，德國香腸跟起司蛋糕，每個味道都不錯。尤其香腸跟鬆餅，送上來幾乎被小朋友秒殺，我們家兩個男生直接把這兩盤清空。起司蛋糕很濃郁，喜歡起司的人千萬別錯過。炒蛋則是很大一盤，來當作早餐吃很適合。  總之是一間值得推薦的店，關渡的朋友有機會可以去嚐嚐喔。,,,,https://www.google.com/maps/search/?api=1&query_place_id=ChIJnZy-IMqvQjQRhdX2w_4HcKs
Oneway CAFE玩味咖啡,106台灣臺北市大安區和平東路二段118巷38-1號,4.7,[HW C | 2026-02-13T08:53:51.993975155Z | 5分]: 好久沒回來118巷了，這次運動完來回味大學時候的午餐時光，發現這家咖啡店很有文青風格義大利麵軟硬適中，很喜歡。,[黎芷妍 | 2025-11-28T10:25:11.412807199Z | 5分]: 海鮮披薩很好吃，皮很脆而且起司很厚。芒果冰沙很綿密而且不會過甜，第一次來光顧就覺得體驗很好，之後還會再來。,[吳宛榆 | 2025-09-22T04:47:25.435577578Z | 5分]: 很溫馨的咖啡廳！😍 空堂很適合來休息 松阪豬咖哩飯每次必點，真的很香～ 還有可愛的鸚鵡！,[許家嘉（Gaga） | 2025-12-25T12:05:23.087393234Z | 4分]: 可以聽到鳥叫的咖啡店，飲料餐點平價卻飽足好吃～帕尼尼的麵包很讚！座位不多但推薦來看看！,[林駿汗 | 2025-10-08T04:23:07.059236147Z | 5分]: 平價、口味不錯、用餐環境還不錯的小店  商業午餐$130: 雞肉義大利麵+奶茶（可做無糖），沒有什麼好嫌的,https://www.google.com/maps/search/?api=1&query_place_id=ChIJO0Um2CmqQjQR1K5YldZ8Ibw
農人餐桌,100台灣台北市中正区重庆南路二段51號B1永豐餘大樓內,4.0,[B W. | 2025-12-27T05:37:32.918824394Z | 4分]: 以前來信誼的時候有來逛過，但沒有用餐🍽️，這次小孩終於比較大、也有朋友邀約，決定試試看。  有廚房玩具遊樂桌三張，還有圍裙、帽子等可以裝扮拍照📷，很有聖誕氣氛。小朋友蠻愛玩的，挺適合兩歲多的孩子。  餐點價格普遍偏高，加上一成服務費，感覺雖然玩沒有門票，但玩樂的場地費、服務姊姊關心等費用基本上就涵蓋在餐費裡面了。  餐點比較適合口齒不太好的小孩跟老人，食物都比較軟爛，覺得對小孩來說是貼心的，但成人吃起來可能口感偏差一點。義大利麵的麵條偏軟，蝦子也比較軟爛，薯條也是濕軟的，小朋友不會咬很久。可惜我小孩似乎沒有很喜歡，吃不多。  久久來體驗一次不錯，空間很寬敞，很適合親子聚會。聖誕的裝飾很豐富，蠻好看的。,[Frieda | 2026-01-18T09:26:22.573018742Z | 3分]: 空間很寬敞舒適的親子餐廳 餐點普普通通 價格很高 看到很多長輩也來用餐 說不定是退休有錢人的生活😆 餐點沒有很多 看來看去吃套餐最實在  氛圍我很喜歡💕 麵包我覺得不錯吃 奶油讚讚 我們吃三人套餐 肉其實蠻硬的哈哈哈 還好我牙齒還可以 分量不到多 但可以吃出餐點選用的食材真的新鮮,[Zoe Mac | 2025-12-31T10:58:01.818423126Z | 4分]: 餐點還不錯，服務人員也很有耐心～ 不過小孩真的太多了，所以周圍很吵鬧，很適合帶孩子來用餐，有很不錯的小孩遊樂設施，但情侶用餐再考慮一下😂,[Cara Lin | 2025-12-13T04:47:00.826600320Z | 1分]: ❌餐點：份量少、單價高  ⚠️兒童餐：本來想點兔子咖喱飯，去到現場點餐才告知，醬料內有薑黃，所以會有點辣（對於小小孩不適合）那既然開親子餐廳，這樣不是應該要調整咖喱醬內容嗎？  ⚠️大人餐：佛羅倫斯燉牛肉 $380 裡面有一坨南瓜泥，原本以為是地瓜，小孩吃了一口說很奇怪，家長吃了才發現是加了「肉桂」我本身也討厭肉桂味，因為小孩也是不適合吃肉桂….而且混在南瓜泥並沒有很好吃！  ⚠️手工藝式千層麵 $390 吃不太到麵的感覺，大部分是起司和肉醬，個人吃是覺得有點鹹，需要一直喝水，但偏偏服務生補水要一直揮手叫，不會主動加水！  ✅兒童餐：青醬雞肉丸麵 這是唯一覺得口味不會太重鹹，還算適合小孩吃的餐點，盤底會偏油膩。  ✅遊戲區 三個工作廚房還算不會太擁擠，大概適合2-5歲學齡前的小朋友，小朋友玩的很開心，是唯一覺得好的部分。  ❌用餐時間2小時，大概1.5時就會開始來頻繁收盤子趕人！總體評價，不會想再來！,[Joanna Chou | 2026-01-03T14:33:35.232817936Z | 4分]: 空間很大適合多人聚餐，不知道是不是因為挑高聲音很容易放大像菜市場一樣🥲不過真的是做到非常親子友善，遊戲區規劃很棒，餐點味道中規中矩，這個價位主要還是吃空間跟服務居多,https://www.google.com/maps/search/?api=1&query_place_id=ChIJo5uKl5ipQjQRUDGwOBCHUWs
Seeking Café,114台灣臺北市內湖區成功路五段420巷11號,4.5,[Hsuan Wen Chen | 2026-02-07T02:30:53.688039653Z | 5分]: 難得週六一大早找到有營業的咖啡廳，點了一杯黑沙芝麻飲，味道濃醇順口，搭配蘑菇雞肉口袋吐司很match～老闆夫妻服務也很親切☺,[Sylvia Wu | 2024-11-08T12:25:28.938521Z | 5分]: 在康寧醫院附近的安靜社區，看到這間咖啡店。咖啡香濃好喝，茶類也是優質茶包，回沖還是很有味道。氣氛好，有室內及室外座位，開放式的空間，享受室外的綠意。店內有許多設計類的書籍可看。下次要來試甜點。,[池皓農 | 2025-06-18T08:42:01.466813399Z | 5分]: 社區重要的存在！ 雖然座位不多，但老闆、老闆娘熱情款待，咖啡香、氣氛好，值得推薦！,,,https://www.google.com/maps/search/?api=1&query_place_id=ChIJO6GuZb6sQjQRpNEp6bTjfr8
淘憩時光親子餐廳・義大利麵・手作燉飯・現烤鬆餅 | 包場派對 | 場地租借,104台灣臺北市中山區松江路69巷5號,4.4,[Rongtzu Chang | 2025-11-30T06:31:48.292399177Z | 5分]: 很棒的親子餐廳，有球池、車車、廚房組，還有提供熱水、尿布台，店員也很貼心提供服務。  店家事先還會提醒提早點單，我覺得很貼心，避免當天帶小孩點餐很混亂。  餐點很好吃，飲料也不錯，整體的價位合理，感謝店家！,[tina huang | 2026-01-28T00:03:32.766411504Z | 5分]: 小小的店很溫馨 小朋友玩到不想走 食物有健康的也有好吃的 店員也很親切 台北市的親子餐廳越來越少了 這個價位能享受到好吃的食物和放鬆的2.5小時 真的且去且珍惜 真的希望親子餐廳不要消失🥲,[林吟嬿 | 2025-09-15T02:33:19.599353753Z | 5分]: 真的非常感謝店家，用餐又佈置了生日背景，真的免去媽媽在家手忙腳亂在那灌氣球收拾的囧境，孩子們都超開心的！玩到不想回家了  能好好吃飯，孩子又能玩，邊吃邊看孩子太棒了；） 店家是好人，友善又親切，是父母的好朋友啊！！！！ 由衷的感謝....讓女兒第一個生日成功 切了人生第一顆蛋糕。  （第二次踏店，感謝家長朋友介紹）,[老劉 | 2025-10-28T07:06:39.613585033Z | 4分]: 這是一家坐落於巷弄內的親子餐廳，餐點中規中矩一般般，果汁味道偏淡，不過可以提供一個孩子們可以一起玩耍的地方，父母親也可以悠閑的聊天吃飯，算是平衡的一家店,[張沙沙 | 2025-10-26T11:46:20.209823790Z | 5分]: 抓周宴，親友都很滿意，餐點吃的很飽，玩具像親子館一樣豐富，小孩玩得不亦樂乎。還有提供寶寶粥，兒子吃超飽，滿足的笑嘻嘻。,https://www.google.com/maps/search/?api=1&query_place_id=ChIJoaP21WOpQjQRujwXUxC4FME
撞個咖啡Drunkard cafe,105台灣臺北市松山區寧安街5巷2-8號,4.9,[曹勛 | 2026-02-07T07:23:37.074572331Z | 5分]: 非常用心的餐點～ 而且價位是在台北不敢置信的親民 布丁濃醇滑順 焦糖微苦 香氣濃郁 西西里咖啡 檸檬香酸爽 微微的甜 提拉米蘇是比較甜的口味 淡淡酒香 很好吃 老闆也很細心的照顧客人 來小巨蛋附近一定要造訪,[Yun Ting Chang | 2025-12-14T15:03:06.336453371Z | 5分]: 臺北寶藏咖啡店꒰๑˘͈◡˘͈๑꒱◦° 目前已點過的飲品：冰/熱美式、黑糖拿鐵、抹茶拿鐵、小白拿鐵、西西里、蘋果冰茶，都很！好！喝！！ 吃過的甜點：焦糖布丁、肉桂捲、鹽之花奶油捲、紅豆鹹奶油捲、提拉米蘇、巴斯克蛋糕，也都非！常！好！吃！！ 臺北最喜歡的咖啡廳沒有之一(๑ ˊ͈ ᐞ ˋ͈ )ƅ̋,[Hoo Eryaung | 2025-10-04T09:39:17.510420075Z | 5分]: 今天點了一杯冰美式、一杯洋甘菊、巴斯克與布丁，超級讚超級好吃，口感絲滑，還能品嚐到甜點裡帶點些微酒香，深刻感受到老闆的用心和實在；飲料也完全不馬虎，是會令人想一再回訪的店。  重點是這樣總金額才220，已經讓人跌破眼鏡，220還不夠低！老闆又給了下午茶折扣！  你敢相信嗎……在台北市松山區用這麼便宜的價格品嚐到這麼美味的下午茶……  店面環境非常舒適溫馨，老闆性格相當和氣，由衷祝福老闆生意興隆，你的店真的太棒了😭,[Wei | 2025-08-31T07:45:12.343885093Z | 5分]: 好久沒看到這麼平價咖啡🥹 老闆人也很好👍🏻 店家小小的 有內用及戶外區 內用位置不多 做戶外有提供小風扇  點了美式$50黑糖拿鐵$85 咖啡以這價位算還可以～ 配上巴斯克蛋糕$70 真的是超平價！！！ 經過可以小坐一會的咖啡店✨,[愛爾莎 | 2025-08-21T05:19:00.002968747Z | 5分]: 因為看到脆上有人介紹，剛好今天也在附近，就成就了今天的咖啡行，店面雖不大，但整體感覺非常舒服，今天想吃的肉桂捲也剛好沒有，只好等下次了！ 老闆介紹了附近的鹹酥雞店，成了今天咖啡的配角，會再回訪！,https://www.google.com/maps/search/?api=1&query_place_id=ChIJoU4aSrSrQjQRcIkiMAukmFw
Le Park Cafe公園咖啡館,104台灣臺北市中山區遼寧街146號,4.5,[Sparklewolfie | 2026-02-11T10:49:54.484634986Z | 5分]: 為了蘋果派來的！  先說，這完全不是正統蘋果派，連派都不是，應該說是一個蘋果口味的酥皮高點  但！真的好吃！ 蘋果切得很薄很薄，口感不硬不軟，剛剛好，有帶一點微微的肉桂香，配大顆冰淇淋超好吃！ 酥皮真的很酥，三種不同的口感搭在一起好享受  用餐三小時能慢慢吃吃喝喝,[Chi | 2026-02-04T09:05:40.865996773Z | 4分]: 📝有二樓位子，不過可能因為沒有限時，平日下午也會客滿  ☕️黑糖牛奶 $160 上面那層黑糖記得喇進去一起喝～  🥧蘋果派(飲料優惠價) $210 肉桂味滿香的，餅皮確實很酥脆，搭配冰淇淋一起吃不錯👌,[jieyu zheng | 2025-12-30T16:21:45.684584766Z | 4分]: ☑️推薦酥皮蘋果派加冰淇淋 配上肉桂粉搭配口感很佳  另外有點烏龍茶磅蛋糕 中間有夾鹹蛋黃滿特別的 但蛋糕口感就還好  飲料點冰滴奶油咖啡 奶油陪上咖啡微酸 很順口  店內走復古風 很多老舊擺飾  價格是中間價位 有機會會再訪,[Susy Susanty | 2025-11-06T08:17:13.433800681Z | 5分]: 環境舒適、氣氛愜意的咖啡廳，非常適合下午茶時光，無論是和朋友聚會聊天，或是自己想待上一整個下午都很棒。 冰滴咖啡好喝，味道濃郁不會太酸，順口又有層次感👍🏽 店內座位蠻多的，有一樓與二樓空間，也貼心提供免費的飲用水。  我平日下午去的時候客人不少，建議可以先訂位（僅接受當日訂位），出發前打個電話確認會更安心。,[Steve Hsieh | 2025-12-26T06:57:10.685398579Z | 5分]: 今天跟家人來這裡喝下午茶，整體氛圍輕鬆自在，帶點復古感，很舒服。 點了黑糖烤鮮奶、冰淇淋球配蘋果派，還有洋甘菊薰衣草茶，味道都不錯，是會想再來的那種店。,https://www.google.com/maps/search/?api=1&query_place_id=ChIJoV5Vt-CrQjQRX99q0bEVO_k
媽妳講親子餐廳 (MONEY JUMP),114台灣臺北市內湖區民善街127號2 樓,4.6,[小米 | 2025-11-08T15:11:42.067424919Z | 5分]: 台北市內湖｜媽妳講親子餐廳 （MONEY JUMP）內湖總店_超夢幻旋轉木馬親子餐廳、超好吃德國豬腳＆脆皮烤雞  今天來《媽妳講 Money Jump》參加好友的龍鳳胎三歲生日趴，這裡真的是小朋友的天堂，除了有超吸睛的夢幻旋轉木馬，每隔一段時間店家就會啟動旋轉木馬讓小朋友上去玩；還有各種遊樂設施和影像互動區；佔地很大，所有的小朋友都玩瘋了，還有人在這裡辦抓周，氣氛相當歡樂～～～🥳🎊🎉  《媽妳講 Money Jump》位於美福飯店對面的大樓2樓，附近還有內湖的IKEA和大全聯，《媽妳講 Money Jump》在Google 擁有近3.5千則評論，獲得4.6顆星的超高評價，除了夢幻的旋轉木馬、佔地很大的小朋友遊樂區、還有超豐富的餐點！！！脆皮烤雞和脆皮德國豬腳都很厲害！！完全是被遊樂設施耽誤的餐酒館啊～～～來這裏，大人小孩都可以很盡興！💕💕  店家訂位分成ABC三個時段，中午A時段和晚上C時可使用2.5小時，今天朋友是預約下午的B時段，B時段使用時間長達3小時，可以讓小朋友好好放電😆，大人也可以慢慢吃飯聊天～  餐廳入內需要穿襪子，很多人會特地帶襪子去，進餐廳前再穿上～  今天是玩娃陪娃的一天，有孩子們的地方真的好歡樂，光跟朋友的娃玩耍就覺得很療育。  很喜歡《媽妳講 Money Jump》，餐點好吃的讓人驚喜！環境舒適乾淨，採光明亮，服務親切，如果喜歡小朋友 不怕孩子們吵的話，用餐體驗滿分囉～💕💕,[陳小融 | 2025-10-30T08:22:13.908241498Z | 5分]: 餐點好吃！ 室內空間非常大.而且很舒適 重點是室內有旋轉木馬 還有很多兒童遊戲室 很適合6歲左右小朋友 整體感覺很棒 大人很放鬆.小孩很開心,[林詠聖 | 2025-11-30T07:07:33.592005977Z | 4分]: 服務很周到，會不時來尋桌，餐點口味還不錯，可惜的是親子餐廳的廁所並沒有尿布台等友善設施,[yi-hsuan chen | 2025-07-17T08:01:12.955922411Z | 4分]: 來Money Jump 媽妳講餐廳幫小孩慶生 這間親子餐廳很久以前就很火紅 今天終於來朝聖啦 最吸睛的莫過於夢幻的旋轉木馬啦🎠 是採固定時段會廣播開放乘坐 還有互動投影牆球池  除了兒童餐，還有寶寶泥跟寶寶粥🥣 月齡小的也不擔心 很貼心 當然這邊低消也相對比較高一點 很適合小朋友慶生來玩喔  需脫鞋入場喔~,[Tension | 2025-08-17T11:19:00.467498448Z | 5分]: 20250816SA 初訪 幼兒園113企鵝班謝師宴 親子友善空間 小朋友都很愛 已購買 ^3,https://www.google.com/maps/search/?api=1&query_place_id=ChIJoZlomYarQjQRQ6dO-drU7eg
又一間商行SPAGHETTI（無訂位服務，營業時間為最後點餐時間）,105台灣臺北市松山區興安街192號,4.5,[Lèvr【第10級在地嚮導】 | 2026-01-13T14:02:03.890558348Z | 5分]: 主打用自家熬煮高湯清炒的人氣義大利麵，這次平日中午12:20單人用餐幸運不用排隊，店內主要是吧檯和兩人座，大廚就在面前開放式廚房烹飪，一次用鐵鍋翻炒四鍋真的滿驚人的！ 這次點了很多人推薦的臘肉鹹蛋義大利麵(310元)搭配紅燒美乃滋脆薯和飲料的A套餐(+190元)，廚房流水線製作，因為內用外帶訂單都很滿，大約15分鐘才上餐，餐前會先上一小杯好喝的高湯體驗。 義大利麵確實好吃，收汁和乳化都做得很好，讓醬汁完美攀附在偏硬的細麵上，鹹蛋和臘肉已經拌碎略帶糊狀，是我喜歡的口感，不會像一般平價義大利麵有麵湯分離的感覺，雖然稍鹹一點，但以這個價格來說很棒了，值得推薦！ 薯條炸得很酥脆還不錯，不過微酸帶檸檬味的紅燒美乃滋醬沒有特別愛，想吃就點吧。 紅茶比一般紅茶多了一個果香，甜度舒服大約3分糖，還附上冰塊和杯子，滿好喝的。,[喬伊絲小姐 | 2025-11-16T08:58:40.641760829Z | 5分]: 上菜前會提供一小碗的熱湯，感覺像是等會要上菜的主菜使用的高湯，先暖暖胃口～ ⚠️是麵心硬硬的義大利麵類型喔！  臘肉 鹹蛋 ➭ 臘肉鹹蛋義大利麵的組合怎麼可能會不好吃，一定是大拇指的啦👍🏻  蝦 油菜花 檸檬葉 ➭檸檬葉的味道很香（不喜者慎點）蝦子很新鮮，大約4-5隻沒有剝殼，會提供放蝦殼的小盤子。  Set A 紅燒美乃滋脆薯 ➭現炸的美式脆薯，上面有看起來像現刨的起司粉，特製紅燒美乃滋醬微辣帶有一點檸檬香，不膩的醬，好吃！個人覺得如果是細薯條可能會更讚！  Set A 經典紅茶 ➭冰塊杯+一瓶紅茶，看似普通，倒進冰塊杯裡，一陣蜜香散發出來，啜飲一口，濃郁的蜜香在口中散開，很不一一般的經典紅茶！  義式巧克力布丁（假日限定） ➭超濃郁的巧克力布丁，真心不想讓大家知道😔太濃郁～太好吃了！  【用餐資訊】 用餐人數：2人 用餐時段：午餐／11:30，候位30分鐘左右 消費總額：1133（10%服務費） 訂位資訊：無提供訂位，只有現場候位，今天候位5組約30分鐘 備註：只收現金💴,[Thirza T | 2025-10-03T16:47:40.742821903Z | 4分]: 松露薯條最為符合我的口味，紅醬蘿蔔糕也很有特色。 也許是因為吃過其他更符合我的口味的清炒義大利麵，相比之下略顯失色！ 在忙碌之中店員的態度已經超級棒了，坐在靠近門口的吧台位，真的覺得餐飲從業人員非常不容易，在這個租金、物價高漲的年代，每一間小店都值得被珍惜於尊重,[曾郁雯 | 2025-09-09T11:53:53.278535423Z | 4分]: 🍝雞肉羽衣甘藍 這道比較能吃到單純清炒的味道 乳化的很好欸麵條的味道很足 單純吃的話油脂的香氣非常足 但驚訝的是旁邊的羽衣甘藍 蕃茄 橄欖 菇全部都是超重要的角色！！！ 搭著不同的配料每一口吃起來都有不同的滋味 橄欖油香氣很好的混合了所有食材的風味  🍝鹹蛋臘肉 吃起來不知道為什麼有一股瘦肉滷肉飯感🤣 稠度奶度都比雞肉高非常多 臘肉給很多很爽很讚 每一口味道都蠻濃稠的 一個人吃會膩 麵條硬度都很適中剛好  但不知道是不是義大利麵的溫度都很容易不燙…？ 我真的覺得我沒有拍很久但是溫度真的很常溫欸 這道變常溫又更膩了  🍰布朗尼口感是鬆沙感 很甜非常甜 可可味不夠濃 核桃算是稍微可以解膩的存在但是核桃少到不行 有一塊甚至半顆核桃都沒有 可以不用點  這個價位在台北的確是表現很不錯的義大利麵 麵體硬度剛好有彈 清炒的味道也表現得很不錯 不是非常驚艷的類型但可以理解受歡迎 只是要排隊的話可能會考慮一下,[Cindy Chen | 2026-02-03T14:11:03.982195712Z | 5分]: 收藏好久的口袋名單，終於來了～ 點了「蝦 油菜花 檸檬葉」和「青醬中卷」 義大利麵超好吃！ 青醬也超好吃！ 甜點布朗尼稍稍甜～,https://www.google.com/maps/search/?api=1&query_place_id=ChIJp7WiKXyrQjQRUaxE_f4nw0A
Soshow Bar & Restaurant,"2f, No. 47號中山北路一段中山區臺北市台灣 104",4.5,[LemonPhone | 2026-01-11T17:27:26.205061266Z | 4分]: 覺得調酒都很有特色 點了一個滿分濃度的卻感受不到酒味 不確定是太會調還是真的很淡 但我喝完是毫無醉意就是了 餐點的部分我覺得都有對得起台北市的價位 口味都很不錯 服務講解的也很用心 也會適時的關心客人狀況 結帳時沒有收服務費 整體而言蠻適合約會的地方  有室外抽菸區 開關門附近的座位很容易聞到煙味 如果可以在門口加裝風牆應該會改善很多,[tony M | 2025-10-09T13:09:53.881306215Z | 5分]: 飯後前往，裝璜氣氛就是個bar，點了份鹽酥雞配酒還行！老闆有用心，調酒口味結合全台各地特色，我點的是台南番茄鹹沾醬的口味！還真有這麼回事欸！,[Phyllis Huang | 2025-10-06T12:34:12.369187472Z | 5分]: 通常越喜歡的店是越難寫評論的 但真的非常喜歡在Soshow 體驗到的一切 當天的服務人員（同時也是調酒師）Shawn 親切幽默，很熱情的介紹調酒的風味和設計理念 店內的調酒結合臺灣各地特色，喝起來很有驚喜感 印象最深刻的是： 彰化-榖香琥珀，很有甜點感的一杯，喝起來像米漿+威士忌，花生香味超級濃郁 基隆-營養三明治，完全的液態版營養三明治 宜蘭-花生捲冰淇淋，花生捲冰淇淋本來就很好吃了，變成調酒更讚，尤其是加了香菜威士忌，整個大還原 雖然是吃過晚餐才去，但還是點了一些食物，沒想到餐點也很好吃，尤其可以吃到一整包鹹酥雞，超級開心（飽,[Sophie Tian | 2025-12-23T14:18:04.791774508Z | 4分]: 酒單很有特色 也會不定期更換 蜜桃甘露好喝 芒果味突出 紹興雞蛋豆腐 酒味明顯 推推 魷魚圈也推推 很下酒🤣 骰子牛偏硬,[Vincent Chang | 2025-10-14T07:26:58.726897924Z | 3分]: 整體口味不錯不過由於朋友給了高評價因此也帶著高期待值只可惜沒有達到心目中的期望 酒水不錯用台灣各個城市命名不過簡單來說就是創意調酒蠻好喝的  食物也還行吧只不過有些餐點不太入味但可能因為期待過高因此落差有點大,https://www.google.com/maps/search/?api=1&query_place_id=ChIJpdkbPm2pQjQR8IPxB9Jy8rI
台灣夯BAR串燒烤小店,10454台灣臺北市中山區林森北路159巷4號,4.6,,,,,,https://www.google.com/maps/search/?api=1&query_place_id=ChIJQ3o7S2SpQjQRe_XmRyh4OBY
MA CAFE,106台灣臺北市大安區敦化南路二段11巷1號,4.4,[Cindy | 2026-01-13T01:39:20.242633058Z | 5分]: 二樓很適合讀書！插座很多 但中間位置離冷氣很近會滿冷的，其他都很好👍可以看到窗外風景心曠神怡,[Yunn | 2026-01-14T03:52:38.804884615Z | 5分]: 平日來完全沒有人，真心覺得是一間很棒的咖啡廳！二樓的桌子都可以掃碼點餐，店家會直接送餐上樓很貼心，食物也很棒，早午餐盤的油醋醬有加芥末我超愛！不限時有插座，很適合遠端工作的人，希望這樣的好店家可以在台北活下去🥹,[Wajie Wei | 2025-10-29T05:42:20.907041303Z | 5分]: 小姐姐服務真的很好 大大加分👍🏻 食物好吃 蔬菜新鮮 很喜歡沙拉油醋加芥末的味道 有更多層次。咖啡我喝摩卡，好喝☺️ 沒有上去二樓 但一樓很寬敞 環境也很好 是會一直拜訪的咖啡店 😚,[Happy migu | 2026-02-01T10:56:42.419168987Z | 5分]: 不要點披薩🍕小小一個$200😓😓😓 無花果拿鐵喝不懂 其他都很好 早點來沒什麼人很安靜位子很多👍👍👍,[Summer | 2026-01-05T07:34:42.922046780Z | 5分]: 二樓有一整排的靠窗座位可以使用插座，彷彿來到K書中心，大家都很安靜的使用筆電或看書，很喜歡的氛圍，點了現烤土司，店員也會提醒趁熱吃，下次會再去❤️,https://www.google.com/maps/search/?api=1&query_place_id=ChIJQ6qFRCSrQjQRf5i_pjyKv0M
HAIR SALON BISTRO餐酒館,108台灣台北市万华区武昌街二段72號4樓,4.6,,,,,,https://www.google.com/maps/search/?api=1&query_place_id=ChIJq_1oDQmpQjQRlMaxMHpr3PU
別處咖啡 Away cafe,10089台灣臺北市中正區羅斯福路三段244巷9弄2-1號,4.4,[H J | 2026-02-09T05:42:34.016398881Z | 2分]: 若是以貓咖啡廳的角度來看是可以 餐點：當天點的薯條來了有點嚇一跳，是吸滿油軟的口感 店員：沒有什麼服務熱情 口訪意願：😅,[余安 | 2026-01-16T14:21:17.498461178Z | 5分]: 大家都很認真上班 萌！ 店員親切～ 要注意進出要請店員幫你開門 （不然貓咪會跑出去🤓,[黃小美 | 2026-01-24T10:09:49.795815956Z | 5分]: 餐點都是好吃的，很幸運剛好遇到貓貓的下午茶時間，有餵了一點貓條和零食。女兒還把貓貓哄睡了呢！真可愛,[橘子 | 2025-09-05T06:28:25.804852360Z | 2分]: 生日當天來這裡開心的畫畫 覺得氛圍很好整個體驗都不錯  但就是覺得服務有點冷漠 不知道是不是剛開店就進去的關係 店員看起來都蠻厭世的 剛開始進去也沒有告訴我 是畫畫的話該怎麼點餐怎麼消費 也沒有告知說用具在哪裡什麼的 我就坐在那裡乾等 後來還是我自己找到顏料那些 也完全沒有跟我說畫筆跟調色盤那些在廁所裡 也沒有說有圍裙可以穿 一開始其實都不覺得怎樣 可能是這間的風格？  但是到我要離開前 也有前來畫畫的人 店員可能下午心情好就跟他們介紹許多 也直接拿圍裙給他們穿 我就覺得 哇 原來會挑人服務 感受其實蠻差的  雖然店內舒服貓咪可愛 下午三點後店員比較不厭世 但不會再去體驗這種差別服務,[Michael Huang (Michael Hwang) | 2026-01-17T13:30:16.332839707Z | 5分]: 舒適放鬆的環境，很適合好好的在店內喝一杯咖啡，看看好動的喵咪～ 熱熱鍋煮奶茶香氣，讓心情更加平靜😌,https://www.google.com/maps/search/?api=1&query_place_id=ChIJr52_JZ2pQjQRQ_UeWocNMTE
疆毒串烤-南京店,10491台灣臺北市中山區南京東路二段214巷4號,4.5,[Angela Chao | 2025-11-14T09:58:54.596436454Z | 5分]: 公司附近的居酒屋🏮老闆是朝鮮族 🇰🇵 這個味道是我們從來都沒有吃過的味道 😋 今天點的餐點全都好吃 😋 白飯更是一絕 😋 現在我又想回去吃了 😋 果然如店名 😋 疆毒 😋 中了疆毒 😋,[蕭真 | 2025-07-17T14:36:47.503577500Z | 3分]: 🔹烤雞肉串很入味，好吃  🔹烤大黃瓜 ，保有脆度，肉超多可解膩  🔹烤香菇，杏鮑菇，還好，不夠入味  🔹雞絲乾拌麵：味道帶點麻醬香氣，味道調的還行，可惜是用泡麵.,[FOOD SKY | 2025-06-26T08:12:40.176549324Z | 5分]: 正EV+ 店面不大環境不錯的燒烤夜店 生啤酒各式啤酒都有 餐點種類不多份量小 建議吃點東西再過來與朋友小酌,[洪如婕 | 2025-09-25T13:38:10.061675533Z | 5分]: 好吃的串串，價格實在便宜實惠，👍,[emma韓國艾多美阿拉比卡香醇咖啡 | 2024-04-12T11:15:54.612584Z | 4分]: ❤️大部分串烤都是銅板價，雞心Juice多汁😋有多款啤酒、有酒促妹妹，老闆是東北人，闆娘活潑健談，戶外有四桌，喝一喝聊一聊很容易就變一桌了😂 💙人多人少來都合適，裡面有一台飛鏢機 ~ 喜歡射鏢的也可以來玩 ~ 17:30就營業了 🧡捷運松江南京站5號出口步行6分鐘,https://www.google.com/maps/search/?api=1&query_place_id=ChIJRe6azGGpQjQRFcbUze7j7IU
威尼斯義大利餐廳,104台灣臺北市中山區松江路235巷19號1樓,4.4,[布布漫步 | 2026-02-10T00:31:34.631873375Z | 4分]: 雙人套餐990 +蛤蠣半生熟好吃 餐點便宜又有沙拉吧吃到飽 -義大利麵兩盤都沒入味 提拉米蘇沒什麼奶味 =炸魚的魚偏嚼勁魚，布布比較喜歡軟魚 冰淇淋不甜，偏清淡（？,[陳耕硯 | 2025-12-18T10:41:25.436150110Z | 5分]: 1.本次享用松露燉飯，各種菇類與松露燉飯完美融合，每一口都有多種菇類在口中散發出香氣，再灑上店內自助取用的卡夫起司粉簡直完美。如果份量可以再多一些就更讚了。 2.內用沙拉區樣式多樣，生菜也很新鮮，還可以搭配馬鈴薯泥增添風味與飽足感，大推。 3.湯品有洋蔥清湯與玉米濃湯 （1）洋蔥清湯特別的令我驚艷，洋蔥本身的甜味加上雞湯的香氣帶出更為鮮甜的口感，絕對值得品嚐 （2）玉米濃湯奶油味濃郁，灑上一旁的大蒜麵包丁以及些許黑胡椒與起司粉，絕配，喜歡奶香的朋友不要錯過。  4.飲料區有研磨咖啡機、麝香白葡萄果醋、紅茶、綠茶及奶茶，還有一些茶包，選擇多元，可滿足不同人的喜好。  5.整體來說體驗非常好，內用環境乾淨舒適，空間也大，相當適合三五好友聚會聊天吃美食。,[Jia haw Wu | 2025-09-03T03:14:37.872885826Z | 5分]: 很開心能在台北市找到這樣經濟實惠的義大利麵店。點主餐均有附沙拉吧，可自由續湯與沙拉，以及飲料可以自由取用。  未來會再光顧！,[黃佳雯 | 2025-12-24T22:24:50.375292249Z | 5分]: 好吃😋回訪很多次了😍料多實在👍👍真的很推👏👏沙拉吧也有分葷素✌️吃好吃滿🤤🤤,[施仲昱 | 2025-12-29T12:16:31.993899257Z | 1分]: 大約19:20到場，沙拉吧檯的東西東缺西缺，一格看似薯泥的沙拉（用「看似」是因為直到離開都沒看到）整場沒見到有人補。 濃湯更厲害，我點完餐點時濃湯已見底，等到我吃完主餐紐約客牛排，才補上來。 果醋更不用說，從我坐下來直到離開，一直都是空的。 老實說我是在社群平台看到有影片推廣這間沙拉吧檯才來吃這間店，結果現實讓我非常失望。 可能店裡人手不足吧，員工忙來忙去的，所以只好犧牲顧客的權益。 我不懂這種等級的沙拉吧檯憑什麼規定「未點主餐者收取208元沙拉吧費用」。 我也不懂這種等級的沙拉吧檯，點一份紐約客牛排加服務費憑什麼要625元。,https://www.google.com/maps/search/?api=1&query_place_id=ChIJS-zNIF-pQjQR1vU1UjOlTM4
甲蟲秘境,111台灣臺北市士林區克強路30號1樓,4.7,[珍紅 | 2026-02-14T05:10:21.328317104Z | 5分]: 親子餐廳類型，會稍微「熱鬧」，不過佈置不錯，相當不錯的甲蟲餐廳，週末常客滿記得提早訂位,[徐心怡 | 2025-11-17T14:23:37.491885659Z | 5分]: 是親子餐廳也是寵物友善餐廳，可以體驗認識甲蟲及其他冷血動物們的親密接觸，有親切的姐姐說明動物的名稱、習性，並且帶領小朋友體驗及拍照🤳體驗完還會送一張動物貼紙做紀念！！  餐點最好吃的是甲蟲鬆餅，不僅可愛味道也很不錯，兒童餐覺得實在是太迷你價錢偏高，直接點大人餐點比較划算，小孩光顧著玩什麼都覺得好吃😄  木粒池小朋友玩了很久不累也不餓，雙人套餐有兩份主餐、兩杯飲料、兩個鬆餅還有一個獨角仙模型，這應該是最划算的餐點，環境佈置中有很多很大的甲蟲模型我蠻喜歡，可愛很吸引小朋友的目光🧐,[蓉蓉 | 2026-02-20T07:00:14.828790357Z | 5分]: 親子友善有尿布台，廁所無異味，餐廳裝潢有特色👍🏻服務人員服務很好，推推,[林冠伶 | 2025-09-14T05:01:06.203541898Z | 5分]: 環境整體感還不錯 蠻用心佈置的一家親子餐廳 小朋友遊戲區可以看書，玩小石頭跟樂高 還有很多相關的玩偶可以一起拍照玩耍 爸媽們可以很放心的放生小孩在一旁吃東西休息 假日還可以跟甲蟲還有鍬形蟲、兜蟲近距離互動，人員講解也非常清楚 用餐時間有2小時 餐點炸物偏多 整體吃的很飽 小朋友餐食也偏多 吃不完 （但可能因為遊戲區太吸引他們導致不吃完😂） 飲品還不錯喝 有機會會在過來看看,[Tiffany Chi | 2025-11-23T09:48:36.148747628Z | 5分]: 店內環境明亮，設計的很用心，從內場到洗手間到櫃檯到處都有昆蟲裝飾，服務人員也很用心很親切，有小小的遊戲區可以讓家長暫時解放雙手，讚讚👍🏻,https://www.google.com/maps/search/?api=1&query_place_id=ChIJsS8FHNyvQjQRwtaRVpPMyAI
心味酒肴居酒屋,10491台灣臺北市中山區中山北路一段37號,4.4,[Chen Sing | 2025-09-24T12:14:40.601908824Z | 5分]: 這間是在小紅書上看到的「私藏名單」，實際來吃真的有驚喜！  🍣 生魚片三品 切得厚實，入口冰涼滑順，搭配清酒真的很讚。 🦪 生蠔 雖然不算特別大，但新鮮度夠，海味直接爆發！ 🍗 南蠻炸雞 外酥內嫩，咬下去還有肉汁，配旁邊的沾醬更解膩。 🥩 蔥鹽松阪豬 今天唯一小小扣分，口感稍硬。 🥬 泡菜、小菜 酸辣剛剛好，搭酒超搭。  ✨很多居酒屋都是「好拍不好吃」，但這家真的值得收藏！ 我自己不吃澱粉，不然超想試試他們家的海膽烏龍麵🤤  整體環境復古又有氛圍，清酒選擇超多，很適合下班後跟朋友小酌放鬆，聊著聊著就不小心坐很晚。  💸 這餐下來共 $3531（含服務費），以餐點水準＋環境來說算合理。 推薦給喜歡 邊喝邊吃、重視氛圍 的人！,[LemonPhone | 2026-01-11T17:29:59.320948545Z | 4分]: 札幌生啤一杯150 酒蒸蛤蜊非常大顆 很推 餐點整體而言還算滿意 沒有什麼踩雷的食物 推推  廁所如果有可以掛外套的地方就好了...,[Alexa Lee | 2025-10-13T18:51:41.708295662Z | 3分]: 整體中規中矩，但應該是我期待太高 有點貴 份量也比較小 炒水蓮跟玉子燒很推 原本最想吃生牛肉，但看到別桌有點，好像也是滿精緻一盤，朋點不下去🤣,[chia ling chuang | 2025-09-21T03:08:57.684018118Z | 5分]: 環境舒服，服務人員也很親切，餐盤整理快速，重點不限時，可以聊個盡興！ 二樓是需要脫鞋的座席。 推薦玉子燒、蛤蠣、沙拉、魷魚～ 餐點的份量雖不多，但很好吃。 最後的芝麻奶酪（？），很濃郁！ 整體來說非常喜歡，推薦聚餐想聊天喝酒吃點餐點的朋友。,[Benson Su | 2026-02-14T09:23:54.238752153Z | 4分]: 餐點口味很不錯 只是等待食物時間非常久 從入座到第一道菜等了45分鐘，確實有點久 但是除此之外，整體食物都很好吃特別是烏龍麵跟炒飯,https://www.google.com/maps/search/?api=1&query_place_id=ChIJsVHmQm6pQjQRykPNN0wJEd4
ALL DAY ROASTING COMPANY 民生店,105台灣台北市松山區延寿街329號1樓,4.4,[Yung Chih Hsu | 2025-12-16T16:52:30.421598827Z | 5分]: 咖啡好喝 輕食有甜有鹹 氣氛自在舒適 清晨到夜深 時刻都在  玻璃屋頂(前半部) 自然 光線 穿透 心情跟著明亮起來 發呆也OK 空間設計 有喜歡 🤍,[alaska | 2026-01-11T04:00:10.781609213Z | 4分]: 進門那片空間寬敞，陽光撒下來很舒服。 拿鐵類咖啡無法選豆子，不過喝得出來偏淺焙，帶點迷人酸度的咖啡豆，喜歡。  蘋果派 推,[王妍妤 | 2026-01-26T13:43:01.269402560Z | 5分]: 想來很久的店！學測前在找不限時咖啡廳的時候就找到了 都已經大一了才有機會來⋯北非番茄燉蛋超級好吃 推推 西西里小小杯$190有點小貴了（也有可能是我喝太大口一下就喝完了。）會特別來評論是因為身為大寫i人有看到有人說要自主回收餐盤 但滑了很久都沒有找到到底要去哪裡回收 身為一個不敢問又不敢亂晃的人只能幫自己找個要去廁所的藉口順路看一下到底要去哪裡回收（連廁所都不知道在哪 反正往後走左邊就看得到了）希望這張照片可以幫到所有跟我有一樣困擾的人🤲🏻,[Mei-Fang Huang | 2025-10-24T10:52:43.807136539Z | 4分]: 原本是因為咖啡和甜點去的，結果是被輕食驚艷到！黑胡椒牛肉三明治好好吃，雖然食材簡單，但是麵包外酥內軟～超美味！冰滴咖啡就蠻讓人失望，喝不出質感，就是一杯普通黑咖啡。提拉米蘇口味還行，但超級小塊～,[PP L | 2026-01-31T08:14:47.626695582Z | 5分]: 三明治是法式吐司有烤過外酥內酸是好咬的皮，沙拉使用油醋醬，清爽好吃，美式咖啡意外的順口且可續杯。,https://www.google.com/maps/search/?api=1&query_place_id=ChIJT2Oz1pKrQjQRRnykvhE9Bns
加爾第咖啡 (莊敬店),110台灣臺北市信義區吳興街269巷1弄21號,4.4,[林亞儒 | 2025-07-27T22:15:38.271962350Z | 5分]: 室內裝修設計非常古典雅致，陳列的咖啡器具和杯具，讓人感覺到老闆對咖啡專業的堅持，也讓店內氣氛充滿有藝術氣息。  菜單選擇的品項非常非常豐富，還可以購買老闆自己烘焙的豆子。  空間寬敞，桌椅高度很適合久坐，插頭充足，而且座位間距離很寬裕。  化妝室超級超級乾淨～非常非常喜歡！  義式咖啡還不錯，奶泡綿密而厚實，風味雖不是特別印象深刻，但不苦不澀，好喝！  地點位在熱鬧的吳興街巷內，是個好地方！！,[Shou-Jeng Huang | 2025-11-11T01:33:38.780475021Z | 5分]: 有一隻叫聲很有趣的店貓 店員店長也非常親切，環境非常舒適 冰滴咖啡喝起來非常好喝，推推,[OuO CJ | 2025-04-20T23:53:25.108086Z | 3分]: 先說心得，環境、氛圍、服務都很不錯，但是WiFi 網路一堆網站進不去，導致最後要連自己手機網路滿扣分的…希望店家可以改善🥹  關於預約與工作條件： ❤️ 可以訂位：可電話預約（無法指定座位），僅保留10分鐘 ❤️ 不限時間：平日、假日皆不限時 ⚠️ 有 Wi-Fi：網速超快（310Mbps）但不知道為啥有的網站會進不去？ 🔌 皆有插座：個人推薦一樓靠窗座位採光好很舒適 💵 低消一杯飲品：飲品價位約$180~220，有販售少量甜食  我的觀點與推薦原因： 1. 座位很多，一樓與地下室兩層不怕沒位置，且座位之間間隔很開舒適不壅擠（可惜今天人較少，地下室未開放因此無法附圖） 2. 可到很晚，從早上10:00開到晚上10:00咖啡廳，工作一整天進入心流狀態不怕中斷 3. 販售各式自烘咖啡豆，喜歡探索不同咖啡味的朋友可以來這試試 4. 偶有店貓，但也可惜今天沒遇到🥲  🙋🏻‍♀️ #CJ的餐點 ☕️法芙娜巧克力 冰 / $190  （不水的濃郁的巧克力香，可點） ☕️冰伯爵鮮奶茶 （微糖 微冰） / $190  （就是清爽的奶茶，不雷可點👍）,,,https://www.google.com/maps/search/?api=1&query_place_id=ChIJTW_h3LSrQjQR1CQQteePjco
樂雅樂餐廳 南港店,115台灣臺北市南港區經貿二路66之1號,4.0,[旦旦℡¨甦（喵喵貓） | 2025-10-15T17:07:53.860449619Z | 5分]: 2025年9月20日來慶祝一個小紀念日，臨時決定試試看這家過去沒注意過的餐廳——樂雅樂 RAISING（京站店）。原本是在某篇抽獎文底下看到網友推薦，覺得氣氛適合，價格也合理，就決定來踩點。  我們點了：  小犢牛北海道干貝套餐﻿（$769）  樂雅樂牛肉咖哩飯G﻿（$380）  加購 新法式洋蔥湯﻿（+70元）  使用免費自助吧（咖啡、茶、汽水、冰淇淋）  先說表現亮眼的： 👉 北海道干貝真的新鮮，煎得金黃多汁，入口有甜味，搭配小犢牛的嫩度與火候，整體質感在家庭餐廳中算很出色。醬汁不會過鹹或過濃，吃起來舒服，這份套餐在千元出頭的價位算有誠意。  👉 牛肉咖哩飯G意外有驚喜。不是典型的日式濃咖哩，反而帶點南洋風的辛香與果香層次，微辣順口，牛肉軟嫩，飯量剛好，是會想再點的類型。  但……自助吧真的要小心。 咖啡機提供的拿鐵、美式、卡布奇諾，我三種都試了——非常難喝。 奶的部分明顯是奶精，不是鮮奶，口感厚重、人工味重，完全無法入口。 最後只好用茶包＋熱水＋奶精機，自己調一杯「偽鮮奶茶」救場。 茶包有三種基本款，尚可；汽水自取，普通但能接受。  環境部分，裝潢是偏美式復古的家庭餐廳風格，座位間距適中，雖然有點小吵雜，但還算適合聊天。當天店內有不少外國人，氛圍有點像在國外用餐。  另外，旁邊展示櫃有可愛的角落生物公仔，滿療癒的，女生或親子客應該會喜歡。  整體來說，樂雅樂很適合想吃一頓「有點儀式感但不想花太多錢」的紀念日或約會晚餐。 主餐表現不錯，CP值尚可，但千萬別對自助吧咖啡有期待。 兩人用餐含加購控制在1500元內，交通方便（京站內），算是台北市區一個被低估的選擇。  如果你喜歡日系連鎖但帶點異國風味的餐點，可以試試看！,[輕洋 | 2026-02-04T05:22:37.318671530Z | 3分]: 南港展覽館旁，所以不要在展覽會期時去用餐，雖然服務不錯，但會沒空理你，出餐也慢。,[Jasmine Lin | 2025-11-08T09:52:22.081917483Z | 4分]: 樂雅樂是經常光顧的連鎖日式家庭餐廳。 初訪這家南港展覽館對面的分店。  整體表現中規中矩，餐廳空間寬敞明亮，座位舒適，環境乾淨。自助飲料區暢飲，取用方便，很適合用餐時邊聊天邊慢慢享用。  這次點的牛排和蝦料理口味中等，沒有特別驚喜但也不會失望。 服務人員態度親切，不過可能是假日中午人潮較多，人手稍嫌不足，出餐和服務等待時間稍長。整體來說還是一間適合朋友小聚的輕鬆餐廳。  #日式料理 #家庭餐廳 #台北南港,[Kevin Lan | 2025-10-02T14:14:54.950040585Z | 4分]: 位於南港軟體園區的「樂雅樂」（Royal Host)餐廳，係一日式連鎖餐廳。園區店於2020年3月開幕，提供園區眾多公司人員餐飲服務。從早餐、午餐、午茶到晚餐全面性的服務。這是一家西式餐廳，主要餐點有排餐、漢堡類、義式麵食，也提供多樣的日式餐點，顧客可以有相當多樣的選擇！商業午餐及晚餐同時提供自助式飲料Bar，客人可以無限暢飲！這裡明亮的用餐空間及舒適的座椅，讓客人可以放鬆享用餐食。餐食的價位從數百元到上千元也有多種選擇，算是中等價位的餐廳。今天的午餐我們點了鱸魚干貝紙鍋+照燒雞腿御膳，也享用飲料自助Bar的咖啡及蘋果汁。有一個不錯的午餐約會。,[Michael Lee | 2025-12-07T05:30:07.382016438Z | 3分]: 場地寬廣用餐環境好。 餐點沒有想像中好吃，感覺不是現煮的食物，吃起來略為普通。 自助吧台供應冷飲及咖啡茶飲，整體用餐體驗普通，可能可以再更好些。,https://www.google.com/maps/search/?api=1&query_place_id=ChIJU0O98aesQjQRXsDcaOW-mzw
聚聚樂,112台灣臺北市北投區大業路300巷1號,3.5,[N | 2025-09-03T15:53:27.852053783Z | 5分]: 寫評論沒有送東西  不錯吃，店內提供多元的付款方式，包括Apple Pay、信用卡等等  午餐時段空間舒服、內有廁所也算乾淨、地下停車場停車方便，消費1000元可以停一小時，服務人員大多是外籍人士，人均消費500以上，食物好吃，出餐節奏很剛好，飲料冰淇淋都不錯，白飯非常昂貴一碗30元很小碗  唯一覺得需要改善的是冰淇淋勺子的水非活水，有點太髒了，其他都很好，基本上每個月都會用餐四次以上  推薦指數🌕🌕🌕🌕 再訪指數🌕🌕🌕🌕🌗 好吃指數🌕🌕🌕🌕🌗 CP值      🌕🌕🌕🌕,[Yunice | 2025-10-29T05:24:52.320342929Z | 4分]: 餐點、氣氛及場地寬敞，很適合閒聊的餐廳。但每道菜的上菜速度慢，不趕時間是ok的。,[林卡拉 | 2025-07-07T07:28:30.536050436Z | 5分]: 位於台北北投的 Aloft Taipei Beitou 酒店內的 NOOK 聚聚樂（3樓），是一個充滿活力的餐飲空間，為你提供多樣的餐點選擇，每一道菜都能帶給你不同的味覺驚喜！今天來到這裡，品嚐了全新【夏季限定泰式料理】五道招牌菜，熱辣登場，香、辣、酸、爽，讓你一秒到曼谷街頭！每一道料理都讓人回味無窮，完美的夏日享受。,,,https://www.google.com/maps/search/?api=1&query_place_id=ChIJUxfMbFauQjQRSwBqz9ahGgU
松果院子(午晚餐最後點餐時間：15:50/19:50),105台灣臺北市松山區富錦街449號,4.2,[吳秉軒（Kevin） | 2025-12-17T03:48:45.391967185Z | 5分]: 松果院子位於民生社區富錦街，是一家從外觀就散發溫馨氣息的小餐廳。推門而入，木質的裝潢搭配暖色系的燈光，營造出一種非常有情調又舒適的氛圍，很適合朋友聚會或情侶約會。  這次我點了三道餐點：招牌泰式海鮮手工麵、唐揚雞沙拉，以及干貝烏魚子燉飯。泰式海鮮手工麵其實沒有特別強烈的泰式風味，但整體融合得非常舒服，帶一點微辣和番茄的清爽感，配上能完整包裹醬汁的寬麵，口感相當討喜。唐揚雞則是本次用餐的驚喜，外皮酥脆、內裡多汁，味道偏甜但完全不膩，甚至讓人忍不住想像，若是開一個專門賣唐揚雞的小攤位，肯定會大排長龍。至於干貝烏魚子燉飯，烏魚子的存在感稍弱，必須細嚼才能在口腔中釋放出香氣，不過整體味道溫潤，不會過鹹，搭配干貝的鮮味，仍然相當和諧。  整體來說，松果院子帶來的是一種恰到好處的舒適與美味，沒有過分張揚，卻讓人吃得安心愉快。這是一家讓人想再訪的小餐館，下次一定會再來試試其他菜色。,[Xin Ho | 2026-01-24T16:04:02.225917830Z | 3分]: 是個好聊天的地方~ 炸雞沙拉好吃但炸雞也太少了吧😂 味道是不錯的，但份量太小吃不飽所以先給三星,[Christopher Tsai | 2025-07-13T11:13:07.680929682Z | 4分]: 手工麵真的口感很好吃 餐廳環境很棒，非常適合2-4人的聚餐 炸雞沙拉是最推薦的一道，炸雞調味跟一般不同，肉質也軟嫩，搭配沙拉吃很不錯。 泰式海鮮麵，味道不會很重，醬汁巴著麵條，因此味道很濃郁。 南瓜鮮蔬麵味道就比較淡了，也有可能是因為先吃了炸雞沙拉跟泰式，所以會覺得比較淡😅 整體用餐感覺是不錯的，所以會推薦2-4人的聚餐,[Lin | 2025-10-14T09:54:31.997730095Z | 5分]: 很舒服的一家咖啡廳 植物系裝潢 上餐速度滿快的 假日有限時 但沒客滿不會趕客人 這點很不錯 點餐+飲料可以折30 餐點有加10% 可以linepay結帳,[Ravi | 2025-12-29T13:14:15.328536345Z | 4分]: 唐揚雞沙拉很好吃！非常喜歡❤️ 但松露燉飯感覺沒有鹹味… 松露味很濃 但少了鹹度有點水水的感覺 另外有一位服務生的口氣偏微妙 臉有點兇口氣沒有那麼好 其他都很好👍🏻👍🏻👍🏻,https://www.google.com/maps/search/?api=1&query_place_id=ChIJvdWMGY2rQjQRjF3SNuha2Tw
Ho'me廚房&親子友善餐廳,"79號, 文湖街內湖區臺北市台灣 11445",4.4,[王hana | 2025-10-31T13:28:23.647275330Z | 5分]: 這次選擇這邊舉辦抓周派對🎉 因本身上班忙碌有點沒時間慢慢規劃，自己對於儀式什麼的就是抱持的一個紀念的心態，重點是我希望選擇的是～餐點好吃！地方要適合聚會！服務要好！佈置一開始覺得⋯⋯沒有太大想法  這中間只提供了照片、選擇了菜式及佈置的樣式，小編很快就能明白，非常好溝通！ 活動當天親戚們都稱讚餐點非常好吃，店家的服務非常得好，而且補餐點都很快！親戚們也好多人說佈置非常可愛，讓媽媽本身非常有面子（謝謝店家） 我女兒一到店裡就開心玩遊戲室，實在是優秀的地方！！下次會再來舉辦其他的活動的,[呂小燕 | 2025-11-08T05:53:17.699381545Z | 5分]: 記得先預約，環境小巧舒適，人員和善，很適合有小孩的朋友們，也可慶生、抓周、各式不同的活動。  餐點中的 藜麥飯可以再軟一些偏乾。,[宋佳靜 | 2024-12-22T13:41:40.542200Z | 5分]: 太喜歡太滿意了❤️❤️❤️佈置的很完美，孩子大人都很喜歡🫶餐點也很好吃，濃湯好好喝，一直想續～～～熱熱的好溫暖！服務人員小編們都親切又可愛🥰包場在這太值得了，有夠貼心！孩子玩沙玩到忘我，大人可以好好休息聊天🤣動員家人們從各地（西雅圖、宜蘭、中壢）前來大家都很滿意。謝謝你們～～～期待下次見！辛苦了。,[WSI C | 2026-01-03T19:56:59.496258354Z | 5分]: 25大16小，共41人，B1包場，小孩1～6歲，四歲左右最多。我原本有一點擔心遊戲區不夠大，但小朋友們在B1、一樓、前院遊走，都玩得很開心，也不會擁擠。有一隻小兔子在1樓，讓喜歡小動物的小孩子們可以觀察。今日幫忙我們的工作人員很和善、很穩定、很主動，動作很快，讓我可以很放心，十分感謝！食物口味有清淡的選擇，實際上也比多數餐廳清淡，但仍然夠味道，這點很好。沒有一些親子館的華麗感，但很溫馨，很自在，很輕鬆的感覺。,[周葛昀 | 2025-05-04T09:56:41.000472Z | 5分]: 今天帶寶寶來辦收涎儀式，真的超滿意！餐廳的環境乾淨明亮，氣氛溫馨😍整體佈置也超用心很適合拍照！引導小姐姐也很貼心，儀式用品準備得很齊全，拍照道具跟流程引導都讓我們覺得非常安心。  寶寶今天心情很好，拍照也很配合（媽媽感動），而且工作人員非常有耐心，也都很會逗小朋友笑。餐點也不馬虎，口味和品質都很不錯，是會讓人想再回訪的那種。家人也對今天的活動讚不絕口！  很開心寶寶人生中的第一場小儀式是在這裡舉辦，留下了美好又溫馨的回憶。推薦給正在找收涎或抓週場地的爸媽們！  大推Sunny小編！溝通上非常順暢！而且都有符合我的需求！！來這邊辦活動真的是太開心了😍,https://www.google.com/maps/search/?api=1&query_place_id=ChIJVQR_uWusQjQRYNp5Wdmei40
樂雅樂餐廳 敦化店,105台灣臺北市松山區敦化北路199巷9號,4.1,[Melody ChenChen | 2026-02-07T09:01:24.305806100Z | 4分]: 早午餐有多種選擇，日式、西式、中式餐點都有。假日早上人潮蠻多的，10點多都陸續坐滿。 餐點口味還不錯、份量不多，飲料機可以無限續杯，喜歡喝咖啡、喝茶的，都可以坐著聊天享用，早餐的均消300元左右。 餐廳外面有個小公園，適合小朋友跑跳。,"[Yun Ding | 2025-11-29T07:02:21.562631262Z | 3分]: 2025 年 11 月 23 日星期日 Ubereat第一次訂購 買一送一 和風照燒牛排御膳 Steak with Teriyaki Sauce Ozen$580.00 無須加購, 無須加購, 5 分熟 Medium Rare 山型麵包 ($60.00)  和風照燒牛排御膳 Steak with Teriyaki Sauce Ozen $520.00 無須加購, 無須加購, 7 分熟 Medium Well  還不錯唷！",[Jump Tigger | 2026-02-12T22:40:18.676811908Z | 4分]: 民生社區巷弄內的餐廳，早餐選項頗豐，CP值不錯，可以很悠閒地吃一頓早餐！,[RR Chiang | 2025-09-28T05:37:00.741174201Z | 2分]: 實在太難吃了，蔬菜都是冷凍蔬菜做的。照燒雞也沒入味，干貝鱸魚也像白水燙的沒味道，包裝也不行，還都灑出來了，後悔沒先上來看評論就直接點了。,[_ Angela | 2025-06-10T12:40:38.895620Z | 4分]: 服務人員感覺都待很久了，態度都非常好，用餐環境寬敞及舒適。我們點了日式御膳牛排/鹽烤牛肉套餐，價格約在460-480之間，套餐有附小菜、豆腐生菜沙拉、味增湯、飲品自助吧。炸蝦跟炸魚都好吃。整體吃起來蠻飽足的，牛排肉質也不錯。加入會員還可以兌換禮物。,https://www.google.com/maps/search/?api=1&query_place_id=ChIJvWWkxO6rQjQRHf_zc9VTcAE
咖啡學人-傑克威爾 The Cafeist & Jackwell,100台灣臺北市中正區羅斯福路二段118號,4.6,[阿波 | 2026-01-12T15:35:50.655766281Z | 4分]: 很久沒來古亭站，咖啡學人聽起來蠻酷的…  總是熱美式起跳，還ok，好像坐到了天位，看人來人往，滿座。,[Rona Chung | 2025-04-28T08:32:58.687512Z | 5分]: Cry in the rain 專注現實的超能力  等先生結束工作回來前，晚上試著備妥洗澡工具，讓兒子給自己洗澡，最後他做得很棒，睡著之後又是自己的讀書習慣。  想到惠能六祖的故事，很好奇禪宗裡經常講「禪機」是什麼意思，資料上寫說這是禪師啓悟弟子的一種技巧、言語、方法，都超出邏輯的思惟範圍，有時看起來確實讓人摸不著頭緒。  在白話「菩提道次第廣論」P.342  佈施波羅蜜多。 宗喀巴大師主張，出於至誠將東西佈施有情，如果對方知道屬於他，已經當成是他的東西，後來出自於自利而擅自取用，價值達到某個程度，就符合他勝罪。如果受用是為了利益眾生，就不算違犯。  把自己原本的工作責任，用了不光明正大的伎倆推給了不知情外人做，漸漸地越來越多人受益，這個局外人越做越好，原本負責這工作的人就會想來分杯羹，背地裏將別人的成果當作去破圈和結識他人的資源，另一方面在其他人面前邀功：  「如果當初不是我讓他做，他哪有今天？」  按著上面的解釋來說，對方這樣的佈施是沒有功德的，把工作推出去給別人，其實是犧牲不相干的人做自己的賭資，這個人也很盡力把這個坑修成正果，要誠心祝福對方，因為是這個人命中該有的東西，只是通過看起來像惡緣的相所呈現出來的一種劇本，也就是意念佈施。  睡前複習三立新聞十年前的報導，新加坡「博弈經濟」當良藥 新加坡賭國家未來，這則報導裡的配音人員提到「與魔鬼交易拼經濟」，這是在2005年李顯龍先生成為新加坡總理時的政策，但父子之間在博弈議題上不同調，李顯龍先生還是堅持蓋賭場，當時為了招商，賭場業者只需要繳12%的博彩收益稅，而澳門是40%，確實為新加坡帶來可觀的收益，  博弈是把雙面刃，不只是外國人賭，很多新加坡人也在賭，即使設定高額的入場費還是擋不住人性的賭性堅強，博弈產業蓬勃發展，相繼使得當鋪業越開越多家，有檯面上合法的，也有檯面下非法的借貸，還有暴力討債讓賭徒走上悲劇的情況一直輪迴。  在「民視異言堂」四年前關於「博弈代工，行不行？」這是介紹台灣博弈產業可能性的情況，看起來台灣目前只是代工的角色，比如博弈母公司把軟體設計開發部門設立在台灣，實際上這是一家跨國公司，  如新聞內容上說的： 「在台灣只要從事賭博或是相關工作，都可能觸犯了賭博罪。」  因此賭博代工業者想出「薩摩亞模式」，意思是透過在境外國家，比如南太平國家薩摩亞只要30萬元就能成立公司，公司成立後再回到台灣成立辦事處，並用委外承包的方式，把線上博弈代工開發放到台灣進行，  開發可以放在哪裡實驗呢？ 比如在社群媒體上嘗試活人煉金術和博弈結合，請一部分的國家機器幫忙跨界代工，榮格的心靈煉金術的書已經倒下來了，跟神祖牌位倒下來的意思是差不多的，不管是什麼技術碰多了都會中邪，也出現很多異象，很符合宗喀巴大師提到的＂出自於自利而擅自取用，價值達到某個程度，就符合他勝罪。＂  如果那些被邀請去代工的廠商不知情， 那就不會觸犯「賭博罪。」  人想要去顛覆自然法則，肯定會被自然反噬，因為已經超出了和大眾的心交換的價值。  曾有一位國策顧問希望在澎湖建立博弈產業園區，能建立一套生產線，他稱之為「智慧」產業。能理解有些產業希望放在自己的家鄉，會這麼想多少肯定在國外吃過虧，或者遇到求助無門的問題，甚至會被狹持，特別是剛畢業沒多久，缺乏社會經驗就容易被高額酬庸吸引，或者急需用錢，而誤入非法的工作，特別是自己的國家這項產業不是名正言順的，鑑別境外公司是否合法那就更不容易查了。  對台灣人來說，這是隱蔽性非常高的產業，就像美國政府對於「公關遊說業」的態度，這當中能夠隱蔽的犯罪是不容易查的，而在博弈產業，在台灣「賭博罪」是很明顯擺在眼前的事實，意思其實很明顯了，這些事情到後面會被認定為境外設法干預政策和外交的力量。  也會想到麒麟女的動畫，要把人心當中原本的常規顛覆過來，要用很多人的鮮血和生命來換取的，意思是如果福德與智慧尚未具足，向老天爺要太多，要面對的挑戰和外界指責就會是嚴峻的，是否準備好了呢？  其實也有注意到，台灣媒體報導中很肯定新加坡一些政府官員的表現，他們在面對很多機鋒交談時，既能幽默不誤入國內與外媒的提問陷阱之外，能言之有物侃侃而談實務上的看法，以及婉轉的＂說實話＂  意味著清楚自己的定位， 每個官員也可以擁有自己的主見。,[ray Tsou | 2025-08-25T10:45:39.609159851Z | 5分]: 久沒來 咖啡一樣好喝到不行 氛圍依舊獨特舒適 可以一直都這樣不變 真的很好,[我愛吃芋頭 | 2025-05-07T08:04:41.983610Z | 5分]: 經過，看到感覺不錯的店家～ 喜歡店內的擺設 滿滿的會員卡牆（哇喔） 坐在自己喜歡的小角落 享用一杯咖啡的時間,[San Lin | 2024-12-16T05:36:47.692961Z | 4分]: 店內氣氛很好，會想要讓人駐足。飲品也很不錯。比較可惜的是靠近同安街的座位會聞到來自下水道的一些異味，但也確實是店家無法自行改善、同時是處於舊社區比較難避免的問題。,https://www.google.com/maps/search/?api=1&query_place_id=ChIJV_SOYpqpQjQRA9cnwa-fRdc
CAFEPRO職人咖啡商行敦化店,105台灣臺北市松山區八德路三段12巷52弄13號1樓CAFEPRO,4.4,[Elio | 2025-12-26T10:47:16.788481438Z | 4分]: 臺灣咖啡產業策略聯推出「臺咖地圖」，標出使用台灣產區咖啡豆的店家，本店即為其中之一。  店內空間寬敞，氣氛平和，伯爵紅茶巴斯克的口味尚可，質感濕軟，帶點微酸的滋味。另外，台灣的手沖咖啡採日曬的手法（已經不只一間採用阿里山的莊園豆，真是風水寶地！），味道深沉濃郁，酸度較不明亮，與苦度一併帶出，是杯層次很豐富的手沖咖啡；手沖菜單上都有仔細介紹每支咖啡豆的產地、特性、手法等等；對咖啡有興趣的朋友不妨來試試。,[Mina | 2026-02-23T03:51:27.811803888Z | 5分]: 精品Soe1+1很好喝，店員親切知道我喜歡淺焙幫我挑淺焙豆帶有草莓味很濃郁很好喝,[Burnice Hsu | 2025-11-20T05:48:40.710343893Z | 4分]: 高腳椅的位置，桌下有插座可以使用筆電，不限時！低消是一杯飲料  若沒有用筆電，座位選擇多，早上去進去的時候，很多人在談生意～舒適，氛圍也好，下次若要在附近用筆電，還是會選擇這裡,[黃小魚 | 2025-11-30T10:08:34.524899049Z | 4分]: 我覺得飲品都不錯，但是餐點CP值很低⋯ 但因為不限時還有插座可用，我覺得還可以接受。 餐點沒有不好吃，實際上味道還不錯，但量真的很少、搭配上三百多的金額覺得不太行,[Martina | 2025-12-19T17:16:32.933839386Z | 5分]: 不限時咖啡廳適合用電腦的人☕️💻 低消是一杯飲料唷 高腳椅座位區有插座 店員也很親切熱情 黑糖拿鐵$180 味道還行，但店家還有手沖豆子之類的也許更厲害～,https://www.google.com/maps/search/?api=1&query_place_id=ChIJXV3RZsOrQjQRQvdi_pCOSvM
筷子餐廳,106台灣臺北市大安區光復南路290巷1號,4.1,[宮保雞丁 | 2025-11-13T04:03:17.467275045Z | 3分]: 從台大公館遷徙到國父紀念館的現址 今天與老同事齊聚一堂in筷子  雖說室外空間佈置的 帶有婚禮的氛圍和度假模式氣氛 但⋯桌椅擺放凌亂又停靠一堆摩托 踩著破舊下雨積水的木地板進入店內  座位規劃靈活，有適合家庭聚餐的大圓桌 也有小團體可以輕鬆聊天的區域 還有獨立的包廂空間 室內就是燈光較昏暗顯得老舊些  主辦同事點的都是江浙家常菜 其中砂鍋獅子頭必點 但⋯獅子頭還不熟就上桌,[fifi | 2025-12-06T12:13:37.339202769Z | 5分]: 每一道菜都吃得到師傅的真功夫！ 白切雞肉質細嫩多汁，沾上特製醬料超加分；清炒蔬菜爽脆清甜、調味恰到好處； 蔥炒牛肉鑊氣十足、肉片軟嫩不柴；獅子頭湯頭濃郁卻不油膩，入口超滿足；最後再來一道魚片鋪滿香氣四溢的肉燥，香辣鹹甜層層堆疊，完全就是白飯殺手！,[alIce Liu | 2025-08-27T05:25:37.120270950Z | 5分]: 這家位於台北的「筷子」餐廳，是我從 10 年前就開始光顧的老朋友，即使搬到新地點後，我還是持續上門報到。讓我欣慰的是，味道幾乎沒有改變，依舊保持著記憶中的美味。最愛的菜色是泡菜豬肉，他們使用的是偏酸的台式泡菜，爽口又開胃，搭配豬肉的香氣剛剛好。另一道必點的叢林雞也讓我印象深刻，外皮彈牙有嚼勁，雞肉鮮嫩多汁，調味恰到好處，不會過重，反而帶出肉質的甜味。用餐最後，餐廳會提供四款甜點選擇，其中我特別推薦咖啡冰淇淋，香濃的咖啡香氣與冰淇淋的滑順口感完美融合，是一個很棒的結尾。這家餐廳不僅是味覺上的享受，更承載了我多年來的回憶與喜愛。,[Andy Chen | 2025-09-14T11:13:42.649857205Z | 3分]: 脆皮雞 皮沒有很脆 肉質也不彈 不推 獅子頭 粉粉的 都是瘦肉 沒有肥肉跟荸薺 不推 腰果蝦子 有點醋味 味道還不錯 豆酥鱈魚 普普 豆酥沒有特別香 飯後有送甜點,[Vivi Chen | 2025-08-05T11:38:17.818230029Z | 4分]: 第二次來訪，怎麼覺得吃起來還好，沒有第一次的驚艷，獅子頭很好吃，叢林雞也還算可以，豆酥魚也不錯，豆乾肉絲很優，服務也還不錯，感覺店長有在要求，都還蠻積極的，再來不太好的，芥蘭牛肉，有嫩有粗，吃起來口感不好，筷子豆腐，吃起來滿滿的臘肉味，不太懂，這個有點雷，炒高麗菜，中規矩中矩，吃起來太普通，沒有鍋氣，太家常了，跟這個價格拼不起來，整體還可以，但是要再訪可能意願不高。,https://www.google.com/maps/search/?api=1&query_place_id=ChIJySwN8durQjQRpe5ndb5Zriw
麥味登 北市合江店,104台灣臺北市中山區長春路238號,4.2,[Mo Ni | 2025-10-03T02:27:57.234722071Z | 2分]: 一樣的連鎖店，該店份量真的小很多！！！ 那個雞胸肉小到我認為這隻雞營養不良🙃 看到臉都綠了… 麵體超乾硬…🤢 原本只想給1⭐️，1⭐️是看在飲料有買一送一的份上🙂,[一瓦 | 2025-07-27T06:23:47.459227592Z | 4分]: 用APP點餐外帶，訂單包含鮪魚握蛋捲餅和德腸握蛋捲餅， 回家才發現做成兩份鮪魚握蛋捲餅，很傷心🥲，這不是我期待的口味呀。 然後捲餅餅皮真的太油，豆皮蛋餅又太溼太水了...  APP上也找不到地方反應...,[王兆立 | 2025-10-30T02:47:19.232157357Z | 1分]: 我是叫uber eat，訂單餐點裡有一份豬里肌捲餅，送來的東西裡面的豬肉完全沒熟，店家給的反應是剛剛太忙，忙沒差我可以接受店家不接我訂單，肉一整片熟沒熟難道看不出來嗎?我真的覺得太誇張了!,[jessie shen | 2025-09-05T05:04:09.305729560Z | 2分]: 打開餐盒這樣賣$190我簡直不敢相信⋯ 那個沙拉的種類跟份量跟圖片差異未免太大 我可以接受ubereat點餐價格會比較高 但是也不能差的那麼離譜啊～～～,[Claire L | 2025-09-05T02:14:13.780832605Z | 2分]: 2025.9 時蔬豆皮蛋餅60 豆皮蛋餅一打開 滿滿黑胡椒鹽 上面那一層非常鹹 吃了應該會口渴 鈉含量爆表 索性不吃 裡面是玉米粒跟花椰菜碎 整體不難吃 但這胡椒沒辦法接受,https://www.google.com/maps/search/?api=1&query_place_id=ChIJzf1Z-L-rQjQRJJ2JbvfGubs
茉莉漢堡,111台灣臺北市士林區天玉街38巷15號,3.9,[花神 | 2026-01-28T09:17:45.598360072Z | 2分]: 這不是30年前的茉莉漢堡了 沖著懷舊美味記憶來的人要做好心理準備 炸鷄還可以 薯條也不錯 但青椒牛肉炒飯是什麼$%^&* 非常不好吃 米飯過於濕粘 肉片還勾芡 青椒就意思意思2條還3條 還非常苗條＝＝  還有 整體環境空間算滿髒又油的 感覺在回收碗盤之後也沒有人打掃清潔的,[Karin Lai | 2025-08-17T04:31:42.119657172Z | 5分]: 茉莉漢堡，比熱炒店還厲害的炒飯大推，還有奶昔必點，薯條是粗的有飽滿的馬鈴薯，口感相當足夠~續杯飲料可以喝到飽，自助區的清潔度可以多加強，有些黏膩感。 內用冷氣不太涼，吃著吃著有點熱暈 因為廚房在內側，稍有油煙味，外面有人抽煙時味也會飄進店裡。🥲 廁所在地下室，地下室外用餐區有各種遊戲設施可以免費玩！,[Roger Hsu | 2025-12-24T14:51:07.591102629Z | 1分]: 今天去吃整體的餐點都沒味道 尤其是炸雞完全沒醃過調味也沒撒胡椒鹽 現場調料只有芥末醬跟番茄醬 最後還是加番茄醬免強吃完 超雷 連拍照都懶得拍了…附上發票沒有亂黑店家,[NIKKI H | 2025-06-13T03:26:51.860191238Z | 5分]: 📍天母人氣親子漢堡店｜茉莉漢堡 美式漢堡🍔 + 奶昔🥤+ 免費遊戲機 = 小孩放電、大人放鬆的超棒組合💯  藏身在天母靜巷內，鄰近捷運芝山站，這家茉莉漢堡真的太讚！ ✅ 漢堡多汁好吃 ✅ 奶昔超濃超好喝（推草莓🍓＆香草口味） ✅ 飲料無限續杯 ✅ 地下室還有快打旋風機台、投籃機、射擊、親子曲棍球🎮 全！部！免！費！玩！ ✅ 全天不限時，還可以包場超佛心～  很適合家庭聚餐或朋友帶小孩來放電，小朋友玩到不想走，大人聊天吃漢堡聊整下午也沒問題😂  📸好拍又好吃，下次聚會就來這！  #天母美食 #茉莉漢堡 #親子餐廳推薦 #台北親子景點 #美式漢堡 #奶昔控 #親子聚餐 #捷運芝山站 #不限時咖啡廳 #台北漢堡店 #免費遊樂設施,[Yoco | 2025-12-03T13:45:26.082725620Z | 4分]: 天母蠻久的漢堡店 所以裝潢比較舊一點 內用熱狗堡好吃😋,https://www.google.com/maps/search/?api=1&query_place_id=ChIJZTNGjn2uQjQRtvfe01IHnzA
The Cup Coffee House 台北,104台灣臺北市中山區長春路21號1樓,4.8,[岱岱 | 2026-02-11T08:10:25.311218898Z | 4分]: 這邊的單人吧台座位上滿多插座的，如果需要充電的話滿方便的。 外國人很多，聊天的人也滿多的，整個氣氛比較熱鬧，如果想要安靜工作的話不一定適合。 咖啡的話我點了髒髒，就是底下是牛奶，上面再加上濃縮咖啡，整體咖啡的味道特別濃，會比較適合喜歡濃郁咖啡的人。 吧台的位子下面有很多掛鉤，如果有比較多的包包可以掛在位子下面，滿方便的。 廁所很乾淨，不過也很小間。整體來說環境算是滿舒適的。 這邊除了現金之外可以用Apple pay 付款。,[林哲慈 | 2026-01-08T06:42:06.160641525Z | 4分]: 氛圍很舒服的咖啡廳 一進門的櫃檯配上植栽 視覺延伸的感覺 點了大杯的熱拿鐵 熱拿鐵奶味偏重是我喜愛的口味 布朗尼 店員會貼心告知 甜點會再加一球冰淇淋可以嗎？ 突然的小貼心❤️ 但是吃到後面偏甜 雖然客人很多 只剩下高腳椅可以坐 但是坐起來也舒服 廁所乾淨 值得回訪,[Angela Wang | 2025-11-01T13:16:01.870715812Z | 5分]: 超級喜歡的一間咖啡廳！環境給人一種沉穩且靜謐的感覺 座位不多，除了雙人桌也有個人吧台座位 大部分的座位都附插座，非常適合工作用電腦～  櫛瓜蛋糕很特別，一點都不突兀 司康比較乾一點點～ 美式順口好喝☺️ 希望有冷藏蛋糕甜點可以選～  店員很有型很好看！！！ 是會想要一直回訪的咖啡廳❤️,[kiki fang | 2025-12-05T07:45:14.250127745Z | 5分]: 小白實在太好喝了！微苦的韻味非常迷人😍環境舒適明亮！還提供插座🔌使用，相當友善❤️,"[Jumbo | 2025-11-15T01:38:53.348474683Z | 5分]: 超棒的遠距辦公 & 轉換心情的好去處 服務可能需要一點英文（有些外國妹子店員），但她們超努力用中文，我的破英文也超努力配合～ WiFi 穩，插座不少，筆電手機隨便充！  低消一杯飲料  Perfect spot for remote work & mood reset! Service might need a touch of English (some foreign waitresses), but they try hard with Mandarin — just like I do with English 🥹 Solid WiFi + plenty of plugs for all your devices! Minimum order: one drink",https://www.google.com/maps/search/?api=1&query_place_id=ChIJ__cnHACpQjQRqPOSGWdlHbI
